time,u,v,r,x,y,ψ,x1,y1,x2,y2,δ,n_p
0.0,1.441442,0.0,0.0,0.0,0.0,0.0,1.0,0.0,-1.0,0.0,0.0,0.0
0.25,1.4178362893962897,-0.023023810180287964,0.057697839572369417,0.3603605,-4.691971520608808e-26,1.0140915950786708e-27,1.3603605,-4.590562361037464e-26,-0.6396395,1.224646798511851e-16,0.6459960625578554,19.284004485314213
0.5,1.3963123766173335,-0.050860422171298325,0.09951519933162005,0.7148195723490725,-0.005755952545071991,0.014424459893092354,1.7147155416312505,0.008668007148912272,-0.2850763969331056,-0.02017991223905627,0.6284310478536544,19.109092278762525
0.75,1.3743910090098488,-0.08080242921962696,0.13140181193115685,1.0640447538285496,-0.013434646966204822,0.039303259725997367,2.0632724801375897,0.025858494614306612,0.06481702751950946,-0.052727788546716226,0.6105985470534221,18.946736080368556
1.0,1.3506839175947094,-0.1109400729330762,0.15632776585473782,1.4081708998995182,-0.020118618747547085,0.07215371270878658,2.405568949911547,0.05197250298184851,0.4107728498874894,-0.09220974047694276,0.5917081116352607,18.801484059432187
1.25,1.3244831893200373,-0.13983759010828214,0.17578307401218288,1.7469627248730326,-0.023438392170143416,0.11123565417247103,2.740782416042291,0.0875680105471763,0.7531430337037741,-0.13444479488746303,0.5720192299968624,18.669933894525993
1.5,1.2955829216706725,-0.16640162431985425,0.1905316342631573,2.079917810375906,-0.02142520124746497,0.15518142267551674,3.0679013168398415,0.13313414319740186,1.0919343039119704,-0.17598454569233155,0.5520192215249827,18.548872552209673
1.75,1.264182956283621,-0.18984938964700482,0.20104926431546963,2.4063511813350105,-0.012464604554824892,0.20281433124130607,3.3858547573233224,0.1889621678119805,1.4268476053466983,-0.2138913769216301,0.5320192121169665,18.441360258042476
2.0,1.2307947586219503,-0.2096953979166342,0.20772945737954424,2.7254793003789324,0.004705929571899199,0.2530766473201735,3.693625962820194,0.2550897149970856,1.7573326379376706,-0.24567785585328716,0.5120192024667464,18.345916662073716
2.25,1.1961264783117422,-0.22574635813550684,0.21101010942942874,3.036502841685594,0.03099471735263941,0.30500901166505956,3.990347088073076,0.331296488298962,2.0826585952981125,-0.2693070535936832,0.49201919273958955,18.261730913324186
2.5,1.1609641472843555,-0.23806762888812605,0.21139706501623273,3.338680439291132,0.06696272606822024,0.35776153902241675,4.275363469683467,0.417141110002797,2.401997408898797,-0.2832156578663566,0.4720191829939922,18.186506523396986
2.75,1.126069444221375,-0.24692360943012728,0.2094348497889092,3.6313858275927178,0.1128503862774132,0.4106108052764749,4.548263006662549,0.5120198221075484,2.7145086485228864,-0.2863190495527219,0.4520191732649278,18.118070123646074
3.0,1.0921067844774897,-0.25270447437239274,0.20565660330316532,3.9141437609236656,0.16862385685125425,0.4629695177237022,4.80887399790617,0.6152308463053284,3.0194135239411612,-0.27798313260281987,0.43201916360349435,18.054513700180195
3.25,1.0596049878122298,-0.25585669084099505,0.20054125777206172,4.186643897575359,0.234033904085282,0.5143836685494936,5.057240019275506,0.7260322708312121,3.316047775875212,-0.2579644626606481,0.412019154080491,17.994508899954823
3.5,1.0289486963243524,-0.2568287050035473,0.19448890037455335,4.448736164309921,0.3086779242458456,0.564518982992509,5.293582211127584,0.8436874168500107,3.603890117492257,-0.22633156835831958,0.3920191448582585,17.9372536883742
3.75,1.0003901310726888,-0.2560356028886945,0.18781444786570664,4.7004134227144085,0.39205707519701116,0.6131412080861474,5.518257903813939,0.9674963897515862,3.8825689416148776,-0.1833822393575637,0.3720191363990834,17.882456053115057
4.0,0.9738932420728779,-0.2540995817461435,0.18140270074821094,4.941787547582427,0.4836237018280411,0.660094820052574,5.731721639756393,1.0968154581500678,4.151853455408461,-0.12956805449398573,0.358213081791219,17.831935821485466
4.25,0.9489009066187137,-0.2520338011345547,0.17706553496733568,5.17306835829813,0.5827390481151402,0.7054454952396267,5.934391138506564,1.2311121076539364,4.411745578089695,-0.06563401142365588,0.36291584894986684,17.781789827307414
4.5,0.9249977956683604,-0.2500128045681336,0.17431481785295025,5.394526309077646,0.6885797255744537,0.7497118789814606,6.126411542032455,1.370007642365866,4.662641076122836,0.007151808783041558,0.37022463270615247,17.73482996464644
4.75,0.9018527807048005,-0.24814099753555613,0.172799677026137,5.606365792016012,0.8004143858809301,0.7932905834446982,6.307869824574707,1.5130798700345323,4.904861759457316,0.08774890172732785,0.3797236067613556,17.691623486324193
5.0,0.8792156762191318,-0.24645083483245286,0.17220160211027627,5.808739513662443,0.9175762454264124,0.8364905027012324,6.478811546734788,1.6598723255011318,5.138667480590098,0.17528016535169322,0.3904925059237603,17.652187427741328
5.25,0.8569011860901864,-0.24493838293254486,0.17226798087706105,6.0017588447375685,1.039450879938699,0.8795409032288014,6.6392637655083355,1.809897163590621,5.3642539239668015,0.269004596286777,0.40210536056231555,17.61666549263948
5.5,0.8347821706521146,-0.24357126142575403,0.172783529752446,6.185506492137791,1.165462607407443,0.9226078984480667,6.789249742772007,1.9626414376040495,5.581763241503575,0.3682837772108368,0.41407911515396945,17.585231793251985
5.75,0.8127832670978439,-0.2422988502993127,0.1735632309928211,6.3600474807712635,1.2950666496912369,0.9658037808861781,6.928803426008647,2.1175729869052002,5.79129153553388,0.4725603124772736,0.425982975528028,17.5577445833373
6.0,0.7908754922015321,-0.2410610857783608,0.17444966968847356,6.525439394576815,1.4277442687756192,1.0091945886343834,7.05798199136417,2.2741474721054393,5.99289679778946,0.5813410654457992,0.43743649875810814,17.534216314309663
6.25,0.7690699166787537,-0.23979563079367763,0.17531165119133765,6.681741835465178,1.5630003321330286,1.0528070060565018,7.1768760640563425,2.4318168235035778,6.186607606874012,0.6941838407624794,0.4481146517979423,17.514450824158345
6.5,0.7474103124660303,-0.23844419663793937,0.17604485836574035,6.829024645095067,1.7003627326217576,1.0966349188543363,7.285617177737991,2.59003866189866,6.372432112452143,0.810686803344855,0.457765088853345,17.49810996736141
6.75,0.7259660411271528,-0.2369570960458719,0.1765714083049662,6.967374652524279,1.8393830137861156,1.1406461334457714,7.3843819708612655,2.748286141987023,6.550367334187292,0.9304798855852083,0.46619130679436727,17.48512987809652
7.0,0.7048232872454739,-0.23529669987336832,0.17683978878349865,7.096900701989191,1.9796380044273878,1.1847889855220128,7.47339325034492,2.9060576507176687,6.7204081536334614,1.053218358137107,0.4732781692299586,17.475314438661233
7.25,0.6840755125647278,-0.23343901326666566,0.17682289820573094,7.217736752245558,2.1207316760054096,1.2289989327178874,7.552917806440081,3.06288541128912,6.882555698051035,1.178577940721699,0.47899806085331875,17.4678827518274
7.5,0.6638176314316094,-0.2313739251367654,0.1765154690954801,7.330042899685617,2.2622966672109412,1.27320465726932,7.62326148557455,3.2183420954669915,7.036824313796684,1.306251238954891,0.4833620576123259,17.463045144094675
7.75,0.6441377474763852,-0.22910438306061634,0.17593095089664584,7.434004812315912,2.4039958363573852,1.31733352454319,7.684762433671889,3.3720457396846326,7.183247190959936,1.435945933030138,0.4864664568407899,17.460376919722247
8.0,0.6251131670156431,-0.2266434864412764,0.17509498033796028,7.529831543630025,2.5455227898662445,1.3613162622673516,7.73778290235653,3.523661958085062,7.32188018490352,1.5673836216474268,0.48841958342531044,17.459552080505677
8.25,0.6068038902819768,-0.22401535566084516,0.17404964617879173,7.617752044567179,2.6866020029350786,1.4050900073518418,7.782701060991409,3.6729040976204135,7.452803028142949,1.7002999082497436,0.4894699247553388,17.46049430683855
8.5,0.5892555591340163,-0.22124646825504646,0.1728341679645838,7.698011674415774,2.8269872118021144,1.4486024188965396,7.819901722563952,3.819530821001446,7.576121626267596,1.8344436026027833,0.48970373834416997,17.462838220426907
8.75,0.5724967976483818,-0.21836732900208494,0.17149240731486454,7.770866963565498,2.9664607359859705,1.4918109608876855,7.849770227577861,3.9633430133528598,7.691963699553135,1.9695784586190812,0.48932561658950335,17.466392650126657
9.0,0.5565406003110854,-0.21540939403109952,0.17006768074952663,7.8365815601178,3.1048312400892315,1.5346840627164016,7.872685975733853,4.1041792631387715,7.8004771445017465,2.105483217039692,0.4885089440891175,17.471072637347323
9.25,0.5413862065631516,-0.21240286540281525,0.16859954476824723,7.895422191420829,3.241931369683728,1.5772009829037832,7.889017579097946,4.2419108599439,7.901826803743712,2.241951879423556,0.48740079163457656,17.476699975669533
9.5,0.5270214729591579,-0.20937533911244677,0.16712226133342106,7.947654976497158,3.377615234904249,1.619350869095845,7.899119510189011,4.376436694680845,7.996190442805305,2.3787937751276527,0.48612265413319594,17.483092582411327
9.75,0.5134258344617951,-0.2063506201334381,0.16566314055502174,7.993542313724417,3.511755856572231,1.6611314344292,7.903330018214966,4.507678414675478,8.083754609233868,2.515833298468984,0.48475474930885276,17.490078890641378
10.0,0.5005667842251339,-0.20335488527917472,0.16425879024707488,8.033340292316625,3.6442427899661114,1.7025472195679554,7.901970230735048,4.635576188435089,8.164710353898203,2.6529093914971336,0.4835808606217769,17.498290117035264
10.25,0.48842317056364953,-0.2003905794237242,0.16289016940161707,8.067298542379056,3.7749786187582686,1.7436119171297242,7.895341864634923,4.760083131477199,8.23925522012319,2.789874106039339,0.48199592303969385,17.505662250022006
10.5,0.47695654860984804,-0.1974807890618148,0.16159369851293026,8.095653051967378,3.9038802106901844,1.7843344594801285,7.883734060983558,4.881167446491614,8.307572042951199,2.9265929748887545,0.48074395194297054,17.51402981230946
10.75,0.46613140190546026,-0.1946348820457646,0.16037495965145004,8.118632877952773,4.030873579826428,1.824732884108361,7.867416666212721,4.998804576829302,8.369849089692826,3.0629425828235544,0.47957261486032576,17.52265617440533
11.0,0.45591243473280163,-0.1918594949233137,0.1592361436610082,8.136456220570354,4.155893197406606,1.8648266240212235,7.84664432068731,5.112976821070798,8.426268120453397,3.1988095737424134,0.4784849538550778,17.5314281576527
11.25,0.4462655534578853,-0.18915891767214207,0.15817660390740823,8.149330403506696,4.278880569867096,1.9046356599364755,7.821657600584089,5.223671834763657,8.477003206429302,3.334089304970535,0.4774713298497324,17.540309161519964
11.5,0.43715820444343806,-0.18653560313803744,0.15719369159668023,8.15745205559284,4.399783077237765,1.9441798109133277,7.792684184758023,5.330881568487017,8.522219926427656,3.4686845859885125,0.47652134825897513,17.549207649886366
11.75,0.42855971931502695,-0.1839905688589181,0.15628334106012923,8.161007493391162,4.518552962084282,1.9834782338124977,7.759939969107474,5.434601454777193,8.56207501767485,3.6025044693913717,0.47562126003679195,17.558054171358673
12.0,0.42044175393353417,-0.18152297046249927,0.15543860805809184,8.160173217801045,4.635146493797087,2.02254906907753,7.723630100918175,5.534829830923095,8.596716334683915,3.7354631566710803,0.47473392337487186,17.566491086705128
12.25,0.41277747503010903,-0.17913395113885253,0.15465892527893596,8.155116277326265,4.74952325468648,2.061408721092053,7.683950141826726,5.631567739255387,8.626282412825804,3.867478770117572,0.47391374546662607,17.575448032171604
12.5,0.4055423273689298,-0.17682088046390548,0.15393548335274243,8.145995613793731,4.8616457413613405,2.100073452411787,7.641086105745961,5.724818023517665,8.650905121841502,3.998473459205015,0.4730748836117345,17.583851643749096
12.75,0.398713523397821,-0.1745823050560316,0.15326326121771572,8.132961790273363,4.971478601359748,2.138557323249972,7.595216111856377,5.814585703301047,8.670707468690349,4.128371499418449,0.4722387257499241,17.592000441382325
13.0,0.39227009479227637,-0.17241632998142828,0.1526368178222785,8.116158067056471,5.0789883721819225,2.176873138554401,7.546510640784268,5.900877543385349,8.685805493328674,4.257099200978496,0.4713888865113991,17.599798869075737
13.25,0.38619248810007273,-0.17032132362622282,0.1520518769758973,8.095720933218571,5.1841431376114055,2.2150323430099705,7.49513316936073,5.9837019771624655,8.696308697076413,4.3845842980603456,0.47052798542381086,17.607280044812065
13.5,0.38046245806465134,-0.1682955447413901,0.15150428962523718,8.071780792474238,5.286912267742059,2.2530453122539447,7.441240610388761,6.063068874861791,8.702320974559713,4.510755660622326,0.4696503317537676,17.614366933728533
13.75,0.37506290170599466,-0.16633731181622788,0.1509903605904298,8.044462500328006,5.387266156245385,2.290921384660254,7.384983814293341,6.138989418268047,8.70394118636267,4.635542894222723,0.46875468948867227,17.62101094435374
14.0,0.3699777797598386,-0.16444501754967297,0.15050681840993987,8.013885909587295,5.48517601118769,2.3286689748078615,7.326508003541374,6.211475959060417,8.701263815633215,4.758876063314963,0.4678399877619547,17.62719172208242
14.25,0.3651919882111931,-0.16261713480895867,0.15005077943489917,7.98016637362215,5.580613689681845,2.3662956794103467,7.265953168674189,6.280541898770436,8.69437957857011,4.880685480593253,0.4669062260785726,17.632887893112134
14.5,0.36069099907317415,-0.16085225120953472,0.14961979872840594,7.94341521852523,5.6735515595102255,2.4038083742690715,7.203454440073256,6.346201577240656,8.683375996977205,5.000901541779795,0.46595940483471515,17.637986144489116
14.75,0.356461246195467,-0.1591489608376031,0.1492115904757747,7.903740237818546,5.76396235049586,2.441213323951173,7.139142476417633,6.408470118688543,8.668337999219458,5.119454582303177,0.4649959088180594,17.642547760010743
15.0,0.35248969422153764,-0.15750592212953507,0.1488241390574593,7.861246055491645,5.851819095850444,2.4785162215701164,7.073143771745881,6.467363399986802,8.649348339237408,5.236274791714086,0.464019760759406,17.64649316748319
15.25,0.3487639104711026,-0.1559218881839341,0.1484557715645601,7.816034540547079,5.937095045970095,2.5157222563344814,7.005580995227332,6.522897957262495,8.626488085866827,5.351292134677693,0.4630340947452184,17.649829015447697
15.5,0.34527197096569967,-0.15439547576779472,0.14810457500299767,7.768205177624948,6.019763636264923,2.5528361992256214,6.93657328086675,6.575090916609013,8.599837074383144,5.464436355920833,0.46203766798164114,17.65244469449455
15.75,0.3420025028365828,-0.15292551384504613,0.14776925316062461,7.7178553865109265,6.099798423009693,2.589862342976371,6.866236551478,6.623960000976984,8.569474221543853,5.575636845042402,0.46103599766671827,17.65440651210907
16.0,0.3389446052596541,-0.1515107063248722,0.1474482904724109,7.6650808629120375,6.177173127885472,2.6268046562665273,6.794683741466086,6.6695234614677705,8.535477984357989,5.684822794303173,0.46002787605630147,17.65564642512078
16.25,0.3360879035909813,-0.15014976346662604,0.1471402669478384,7.609975847425213,6.251861620915203,2.66366672888463,6.722025068384471,6.711800110281921,8.497926626465954,5.791923131548484,0.4590134320249307,17.656166760564105
16.5,0.3334197513714562,-0.14884391421213083,0.14685014686425554,7.55263338231717,6.323837961443962,2.7004517956215897,6.64836824421731,6.750809342238086,8.45689852041703,5.896866580649837,0.4581035445985892,17.65602971204815
16.75,0.3309358728374031,-0.14758539524619738,0.14656079349649054,7.493146440830876,6.393076725010827,2.7371643323376533,6.5738189417147606,6.786569989716728,8.412473939946992,5.999583460304926,0.4569501733300298,17.654883636967362
17.0,0.32862765964069934,-0.14637597754264517,0.1462781704630063,7.431605293494606,6.459551812343037,2.773804530711776,6.498480380298259,6.819104167880184,8.364730206690952,6.099999456805889,0.4558415793649875,17.653617266311514
17.25,0.32648018952430735,-0.14521836498875074,0.14601089370305448,7.368100086280447,6.5232382924572825,2.8103740733275275,6.4224533174998175,6.848433908502079,8.313746855061076,6.198042676412486,0.4549295113842261,17.65053043187101
17.5,0.32448793251587155,-0.1441078526673243,0.1457497745398336,7.302722446122694,6.584112093451782,2.8468767967532913,6.345837730686851,6.874580063054741,8.259607161558536,6.293644123848821,0.45389646720729326,17.647027644718737
17.75,0.32264292247769005,-0.14304337075398108,0.145494316437572,7.23556273922277,6.642149081579329,2.8833142403882497,6.268731606945087,6.897565529089378,8.202393871500453,6.38673263406928,0.4528651901556819,17.642740694821565
18.0,0.3209376254735569,-0.1420236085139308,0.14524348892728836,7.16671134110711,6.697325854875428,2.9196878194976428,6.191231353220246,6.917414003652786,8.142191328993974,6.477237706098071,0.4518291473694277,17.63763776505046
18.25,0.3193647197767123,-0.14104732659348715,0.14499647991307665,7.096258711624892,6.749619793819502,2.955998691729465,6.113431891598866,6.934150121509912,8.079085531650918,6.565089466129091,0.4507920972653366,17.631686723199582
18.5,0.3179171357960463,-0.14011333587173097,0.14475265188794734,7.024295535982268,6.799009186785052,2.9922478117077342,6.035426764653774,6.9477994858346745,8.013164307310761,6.650218887735431,0.44975675077471167,17.62488913715423
18.75,0.31658796749261786,-0.1392206159859283,0.14451184243644616,6.950912830403839,6.845473358784629,3.028435974679721,5.957308218912823,6.958388707713763,7.944517441894854,6.732558009855494,0.4487304874784877,17.61728678204143
19.0,0.31537069219933217,-0.13836749172585902,0.14427231735835105,6.8762020504010755,6.888992830503237,3.0645639352888323,5.879167295516306,6.9659453973991425,7.873236805285845,6.812040263607331,0.4476960714605313,17.60865849204506
19.25,0.3142585374497888,-0.13755362603781462,0.14403569812995176,6.800255098618188,6.929549276124584,3.10063201462842,5.801093868308251,6.970498462264631,7.7994163289281255,6.888600089984537,0.44669596162101644,17.599325825094393
19.5,0.31324507258909634,-0.1367776722060623,0.14380121734858584,6.7231645391489705,6.967125996517501,3.136640939160908,5.723176798861813,6.9720776907108375,7.723152279436128,6.962174302324164,0.4457075980233477,17.589070866483354
19.75,0.3123239062707113,-0.13603879410325992,0.1435694277293396,6.645023551376666,7.0017077688070275,3.1725912434980543,5.645503969193008,6.970714143149398,7.644543133560324,7.032701394464657,0.44474862992905695,17.57803384502531
20.0,0.3114885465536661,-0.13533597153432758,0.14334050930691422,6.565926002436411,7.033281115909022,3.208483600430389,5.568162367768584,6.9664400407048745,7.563689637104239,7.100122191113169,0.44382325797285843,17.56608823101788
20.25,0.31073257987834396,-0.13466840734286895,0.14311528388439784,6.485966515881927,7.061834386282514,3.2443187277571175,5.491238200739644,6.959288888798741,7.48069483102421,7.164379883766286,0.44294289551610766,17.553350245343438
20.5,0.31004948174187785,-0.1340352367820316,0.14289450333452586,6.405240482264796,7.08735794902027,3.280097548728217,5.414816961274569,6.949295466537444,7.395664003255023,7.225420431503097,0.4421156060956958,17.539772085714198
20.75,0.3094327109330535,-0.13343566596484105,0.14267919798179235,6.323844098035225,7.1098443115224255,3.3158211745618487,5.33898353141157,6.936495921539325,7.30870466465888,7.283192701505527,0.4413515684542913,17.525407926790727
21.0,0.30887567548062195,-0.13286883358411067,0.1424703361962712,6.241874364814538,7.129288277357822,3.3514909740572967,5.263822259041063,6.920927824315332,7.219926470588012,7.3376487304003115,0.44065838454434253,17.510254498673845
21.25,0.3083717386883872,-0.13233389377843016,0.1422690278350899,6.159429086017828,7.145687069058236,3.3871085581063647,5.189417026047768,6.902630278343306,7.1294411459878875,7.388743859773165,0.440045709817808,17.49434268950299
21.5,0.3079142692289149,-0.1318299799329737,0.14207643500970663,6.076606846766261,7.159040475997009,3.422675815065137,5.115851309962676,6.881644011525566,7.037362383569845,7.436436940468451,0.4395216827479126,17.477720536426293
21.75,0.30750275732478005,-0.1313492391386773,0.14187631150547372,5.9935069694244465,7.169350989370234,3.4581949238175635,5.043208220481104,6.858011483755032,6.943805718367789,7.480690494985437,0.43879958780791334,17.459769514965483
22.0,0.30711839453840745,-0.1309082043551214,0.14171275263043634,5.910228546234762,7.176621804667068,3.493664001693932,4.971568108783469,6.831778966313499,6.848888983686057,7.521464643020637,0.43882514257647115,17.44238720881163
22.25,0.30676045047385486,-0.1304934007896703,0.14155677757510451,5.826872885404675,7.180864498037749,3.529092189851541,4.901016070603962,6.802989970598974,6.752729700205387,7.558739025476525,0.4385793733733412,17.42370898164244
22.5,0.30642308800762735,-0.13010402495293324,0.14140991223156912,5.743541288969717,7.18208980907473,3.564481384245317,4.831634066893617,6.771693393001867,6.655448511045817,7.592486225147594,0.43843621484531364,17.404429081154113
22.75,0.3061042627531676,-0.129737214658988,0.1412685835649247,5.660335375839129,7.18031177478859,3.5998338623032096,4.763503452554132,6.737940322978085,6.557167299124125,7.622683226599095,0.43828198079997405,17.385352259778294
23.0,0.30579143773656153,-0.1293961655291842,0.1411440979372633,5.577356347165827,7.175546946944779,3.6351510081944407,4.696703724811701,6.701784391711885,6.458008969519953,7.649309502177673,0.43845810022674897,17.364191655790503
23.25,0.30548310597121425,-0.1290763228730255,0.14102907678421475,5.49470657477718,7.167817081841137,3.6704370326787563,4.631315875614094,6.663281155866903,6.358097273940267,7.672353007815371,0.4385973442753361,17.34335213945741
23.5,0.30517490937314895,-0.1287760900935529,0.1409230830224949,5.412487846144908,7.157146105568654,3.70569430187481,4.5674185948763055,6.622489243122914,6.257557097413511,7.691802968014394,0.438815116641723,17.322087805661994
23.75,0.30486270736691984,-0.12849395878188552,0.14082582971778473,5.330801608030564,7.143561319192166,3.7409250726304335,4.505089232496117,6.579469949918303,6.156513983565009,7.7076526884660295,0.43911266495157314,17.30041546740605
24.0,0.3045428468346421,-0.1282283839481142,0.14073686817401704,5.24974879716444,7.127093476669284,3.77613153005988,4.444403658184558,6.534287262867949,6.0550939361443215,7.719899690470619,0.43948314532089405,17.27843198833592
24.25,0.3042120031907942,-0.12797781653919832,0.14065564620161003,5.16942962613956,7.107776780099168,3.811315747103384,4.385436035263754,6.487007862171039,5.953423217015366,7.728545698027297,0.43992245685865516,17.256159452912986
24.5,0.3038673002176264,-0.12774064009124866,0.14058133843390896,5.089943398274331,7.085648888074046,3.8464796586537866,4.328258626833399,6.43770112092381,5.851628169715262,7.733596655224281,0.44042204068835955,17.233633598398264
24.75,0.30350666800142456,-0.1275151798384611,0.14051284761293134,5.011388308865305,7.0607508784654565,3.881624993262264,4.272941556772092,6.3864390853585995,5.749835060958518,7.735062671572313,0.4409661449205715,17.21103125205092
25.0,0.30312699461643927,-0.1273005240090422,0.14045082287698618,4.93386118316793,7.033127139684048,3.916753205165497,4.219552498837706,6.333296371933427,5.648169867498154,7.732957907434669,0.4415932348795082,17.18806069523301
25.25,0.30272705691261825,-0.12709483865754645,0.1403935581127378,4.857457416127493,7.002825707796819,3.9518659108847434,4.168156925669586,6.278350149993459,5.546757906585399,7.727301265600179,0.442247585381599,17.16513214988725
25.5,0.30230540427696323,-0.1268968341220155,0.14034050250847127,4.782270662893717,6.969897753097413,3.986964300412928,4.118817407325796,6.221680018960934,5.445723918461638,7.718115487233892,0.44294488399452586,17.1421550398816
25.75,0.30186089140434413,-0.1267053591241901,0.14029130601312287,4.708392671308919,6.934397716375961,4.022049426040046,4.071593645852263,6.163367884801686,5.345191696765574,7.705427547950236,0.4436827383848149,17.119212509219405
26.0,0.3013925915038489,-0.1265192355414279,0.14024540682879585,4.635913088015207,6.896383240613978,4.057122252543326,4.026542338395274,6.10349782045061,5.2452838376351405,7.689268660777346,0.4444557384918291,17.096286664890933
26.25,0.300899929325542,-0.1263375417513531,0.1402027361729345,4.564919316353805,6.855915073077619,4.0921836042505255,3.9837170168604104,6.042155964333766,5.1461216158472,7.669674181821472,0.445263425256703,17.073547562196545
26.5,0.30038240664223786,-0.1261591179117018,0.14016248550642074,4.495496302299336,6.8130569759449155,4.127234288293759,3.9431679579107897,5.979430320909817,5.047824646687882,7.646683630980014,0.4460969334591195,17.050837284006004
26.75,0.2998398381413146,-0.12598323241486156,0.14012476407418564,4.42772647209657,6.767875594906197,4.162274909670364,3.9049419984855462,5.915410701698715,4.9505109457075935,7.62034048811368,0.4469604601254963,17.02837683894782
27.0,0.2992722003339685,-0.12580911461102412,0.1400894490329446,4.361689498417372,6.720440380466531,4.197306100688911,3.8690825214769053,5.850188482295907,4.85429647535784,7.590692278637155,0.4478492143709024,17.006176501086383
27.25,0.29867958574274933,-0.12563606484980383,0.14005645713309714,4.2974621997458105,6.67082344226897,4.232328462947147,3.835629346390121,5.783856466806331,4.7592950531015,7.55779041773161,0.4487617615104038,16.984260325834384
27.5,0.2980622390734921,-0.12546346105493297,0.14002576742929584,4.235118428302928,6.619099425647791,4.267342577230422,3.8046186644835265,5.716508735826852,4.66561819212233,7.52169011546873,0.449696189623886,16.962680497954143
27.75,0.2974205000944895,-0.12529073577900154,0.13999736808099672,4.17472895945655,6.56534537274209,4.302349019087746,3.7760829824528734,5.648240479603478,4.573374936460226,7.4824502658807015,0.450650984046584,16.941460407337225
28.0,0.29675486944850954,-0.125117398752506,0.1399713184480214,4.116361401284313,6.509640585696525,4.3373483611079955,3.750051075953876,5.579147842277045,4.4826717266147496,7.440133329116005,0.4516240017865006,16.92067023927188
28.25,0.29606583168061595,-0.12494309876582153,0.13994790735252147,4.060080100187862,6.452066471307849,4.372341190720001,3.7265479544985327,5.5093277440923645,4.393612245877191,7.394805198523334,0.4526181652071812,16.900341371002437
28.5,0.29535418403245733,-0.12476751823050108,0.1399274063898927,4.005946057685216,6.3927064249303145,4.4073281675581315,3.705594876901973,5.438877735803115,4.30629723846846,7.346535114057514,0.4536277444563554,16.880631313177037
28.75,0.2946202707978744,-0.12459006186513637,0.13990928036617176,3.9540168536144984,6.331645619240318,4.442310019155605,3.687209317222732,5.367895787320977,4.220824390006265,7.295395451159658,0.454652211835834,16.86117415140884
29.0,0.2938650382279229,-0.12441063699161263,0.13989415337298736,3.904346713663498,6.268970951991231,4.477287339247148,3.671404881890064,5.2964802821079475,4.137288545436932,7.241461621874515,0.4556924053852588,16.842430134952625
29.25,0.29308926324231893,-0.12422899664084124,0.13988217138769793,3.8569863026616074,6.204770810439075,4.512260877590395,3.6581914242297877,5.224729690735785,4.055781181093427,7.184811930142365,0.4567465471336324,16.824274929054386
29.5,0.29229378829636143,-0.12404495744945676,0.13987355135112978,3.8119827603057486,6.139134950080052,4.54723142043732,3.6475750113305505,5.1527424865662095,3.9763905092809466,7.125527413593895,0.45781396678227854,16.806762135700893
29.75,0.2914795536239878,-0.12385837328649531,0.13986852086629406,3.7693796665711794,6.072154340659689,4.582199808275102,3.6395579504169318,5.080616987851049,3.899201382725427,7.063691693468329,0.4588927030079255,16.78995615337374
30.0,0.29064730143885503,-0.12366909440566871,0.13986721749758055,3.7292170217094256,6.003921001055177,4.617166938491676,3.6341388147327316,5.008451195105194,3.82429522868612,6.9993908070051605,0.45998529195164073,16.773765183443007
30.25,0.28979803875119015,-0.12347703129994175,0.13986986390886108,3.691531253286065,5.934527906803003,4.652133742866071,3.631312470533703,4.936342704446334,3.7517500360384273,6.932713109159671,0.4610872699739689,16.758341108031143
30.5,0.2889326919943914,-0.12328211103306894,0.139876651492071,3.656355195633027,5.864068787445336,4.687101208843286,3.6310701191398524,4.864388506101979,3.681640272126202,6.863749068788693,0.4621994510611542,16.74366087499428
30.75,0.2880522609687955,-0.1230842754215714,0.13988774534554904,3.6237181004678773,5.792638008141703,4.7220703717163035,3.6333993405617995,4.792684872444712,3.614036860373955,6.792591143838693,0.4633196859853675,16.72977128548345
31.0,0.28715888238667964,-0.1228837019599294,0.1399038379911436,3.5936456494516884,5.720330415636078,4.757042308052691,3.638284139407619,4.721327209828182,3.549007159495758,6.719333621443974,0.46443093296913107,16.717328957385785
31.25,0.28625099064786996,-0.12268000780330458,0.13992411179480344,3.566159931123604,5.64724091889203,4.792018267550477,3.645705092424291,4.650409655681627,3.486614769822917,6.644072182102433,0.4655886914820464,16.704369586987372
31.5,0.28533101131671174,-0.12247333163409022,0.13994912100046103,3.541279584642188,5.573465284489073,4.826999295499179,3.655639153400467,4.580025860551498,3.4269200158839093,6.566904708426648,0.46672941233930354,16.692948568489197
31.75,0.28439997647999443,-0.12226369374508159,0.13997899927906007,3.519019708487502,5.499099016263057,4.861986575749294,3.668059942807513,4.510267883787023,3.3699794741674904,6.487930148739091,0.46787479632155543,16.68239061334774
32.0,0.28345891749374585,-0.1220511538476956,0.14001393072034754,3.499391931584635,5.42423757616719,4.896981325569059,3.6829377511434043,4.4412264205222,3.3158461120258664,6.407248731812181,0.46902472820153995,16.672722943853145
32.25,0.2825088719032893,-0.12183575134534513,0.140054005561917,3.482404444967386,5.3489762618860714,4.931984808249146,3.7002396196783636,4.372990689933987,3.264569270256408,6.324961833838156,0.47017736740592847,16.663949630702596
32.5,0.2815509283307121,-0.12161755482310538,0.14009934372356675,3.4680620534692497,5.273410088109465,4.966998309639625,3.7199294051232408,4.305648321365807,3.2161947018152595,6.241171854853122,0.4713312008598839,16.656113304786405
32.75,0.28058610496690006,-0.12139663177348789,0.14015002004696453,3.4563662202071814,5.19763365929007,5.002023145570517,3.7419678672144823,4.23928523662391,3.1707645731998806,6.15598208195623,0.4724863089720438,16.649187783094913
33.0,0.2796154714305959,-0.12117305018547633,0.14020607366002152,3.4473151159893822,5.121741077016891,5.037060650582258,3.766312742665378,4.173985563091975,3.1283174893133854,6.069496590941807,0.4736403808100979,16.64320022531866
33.25,0.2786399651120433,-0.12094703081974272,0.14026788763007786,3.440903677318348,5.045825821953561,5.072112168997263,3.7929188302020695,4.1098315206139375,3.0888885244346267,5.9818201232931845,0.47479906168641045,16.63817650872774
33.5,0.2776605820270744,-0.12071860922214514,0.14033536504605462,3.437123616895149,4.969980670199764,5.107179140904782,3.821738116113739,4.046903378208008,3.052509117676558,5.893057962191519,0.47595535728273414,16.634080042938635
33.75,0.27667826541864393,-0.12048794786456955,0.14040869087994498,3.435963536598973,4.894297593804077,5.142262982166296,3.8527198076544202,3.9852793263660904,3.019207265543525,5.803315861242063,0.4771124202775279,16.63094504814516
34.0,0.27569391581932107,-0.12025518007609597,0.14048795672294495,3.4374089507397114,4.818867667472136,5.1773651548862825,3.885810456313785,3.925035418222366,2.9890074451656385,5.712699916721907,0.4782694059435347,16.62875560494999
34.25,0.27470879203048193,-0.12002033781047605,0.14057297987684456,3.441442352949622,4.743780988302021,5.212487144067019,3.9209540359796113,3.866245492816085,2.9619306699196324,5.621316483787957,0.4794149962148619,16.62762551562184
34.5,0.2737232490008878,-0.11978371262014481,0.14066417671238776,3.4480433450998134,4.669126520774485,5.24763038903623,3.9580920459599547,3.808980996603789,2.937994644239672,5.5292720449451815,0.4805732116114514,16.62726895827378
34.75,0.2727386451813493,-0.1195452768888103,0.14076119294206843,3.4571885359171515,4.594992182150564,5.282796433214327,3.9971635747819687,3.7533111514727078,2.917213497052335,5.436673212828421,0.48171463931561587,16.628012144793086
35.0,0.27175577541363705,-0.11930502689903155,0.14086366998551636,3.468851803083975,4.521464579771549,5.317986731449844,4.038105429207404,3.699302607198427,2.8995981769605454,5.343626552344671,0.48284909211435584,16.629565872345662
35.25,0.2707757249194491,-0.11906311447511059,0.14097161169379857,3.483004279164225,4.448629058884238,5.353202648946223,4.080852162867574,3.6470194856184075,2.885156395460877,5.25023863215007,0.4839731835642598,16.632110627967155
35.5,0.26979361237691224,-0.11882090646235687,0.14108803738681483,3.4996144195930343,4.376569547804364,5.3884455518696734,4.1253362600700205,3.5965232810034173,2.8738925791160486,5.15661581460531,0.48524505937617446,16.633684507171175
35.75,0.2688233781126641,-0.11857451244143324,0.1412032533794889,3.518646907388422,4.305369463699333,5.423717561216377,4.1714876478808565,3.547874270610103,2.8658061668959873,5.0628646567885625,0.48613478144038796,16.640081548193624
36.0,0.26785966797035915,-0.11832687249889363,0.14132342943039816,3.5400667148962883,4.235108791395296,5.45901837456125,4.219235372787329,3.5011265476465243,2.8608980570052474,4.969091035144069,0.48719942647413567,16.645304752418113
36.25,0.2669027467335406,-0.11807876946483693,0.1414500045665491,3.5638347318528023,4.165866755571745,5.494349231918849,4.268506368308851,3.456333187109791,2.859163095396753,4.8754003240336985,0.4882812838053602,16.651455004300335
36.5,0.2659540608423812,-0.11782956767658231,0.1415809521027655,3.5899092180171412,4.097720951063833,5.529711733060487,4.319225954725914,3.413544732859438,2.8605924813083687,4.781897169268227,0.48931834739405466,16.65841146899548
36.75,0.2650148769461456,-0.11757927103075275,0.14171570724989724,3.6182463579577386,4.0307473212266,5.565106971086178,4.371317813912727,3.372808583785314,2.8651749020027504,4.688686058667887,0.4903262513990823,16.6662181341209
37.0,0.2640863318501887,-0.11732802048608201,0.14185398919968548,3.6488001534828203,3.96502003463501,5.600535897898652,4.424704215075558,3.334169111512999,2.8728960918900825,4.595870957757021,0.49130872966995304,16.674826945140413
37.25,0.2631696530291166,-0.11707587785980075,0.14199528221036506,3.6815224453483117,3.900611436168664,5.635999395198573,4.479306137335146,3.297667673617084,2.883738753361477,4.503555198720243,0.4922595922760488,16.684197193427654
37.5,0.26226621208358525,-0.11682294592588673,0.142139121209086,3.716363017126223,3.8375920044515737,5.671498215751165,4.5350433891760495,3.263342539131529,2.897682645076397,4.411841469771619,0.49317424793010867,16.694352631759852
37.75,0.26137772693726224,-0.11656907352994915,0.14228434772284668,3.753269688588632,3.776030283227805,5.707032996053437,4.591834767119387,3.2312288431886764,2.9147046100578766,4.320831723266934,0.494035498332285,16.70523565258994
38.0,0.260504521942814,-0.11631526731403206,0.14243259573557168,3.7921884973366797,3.7159928541456866,5.7426040829841485,4.649598205562994,3.2013584283255065,2.934778789110366,4.2306272799658675,0.4949003783512545,16.716772307302264
38.25,0.2596484064268239,-0.11606107165962361,0.14258194916709954,3.833063313672266,3.657544245524789,5.778212231918041,4.708250814170034,3.1737603692200183,2.957875813174499,4.141328121829561,0.49569994770342624,16.728961791828393
38.5,0.25881079240101035,-0.11580673589589148,0.14273210468649966,3.8758364548456017,3.6007470175876883,5.813857719209816,4.767709067648681,3.1484603357897294,2.983963842042522,4.053033699385647,0.49645574817643323,16.7418053602636
38.75,0.25799324983988514,-0.11555234600988246,0.14288230462680668,3.9204485581786312,3.5456616349296337,5.84954074538144,4.827888963003277,3.125480826596265,3.013008153353986,3.9658424432630035,0.49715744263968,16.755237205882818
39.0,0.25719679534102274,-0.11529851880700126,0.14303304627717048,3.966838713410002,3.4923464649536533,5.885261321538142,4.888706160092273,3.104841096284379,3.044971266727731,3.8798518336229275,0.49782779333948807,16.769237301383022
39.25,0.2564231238686408,-0.11504525597681878,0.14318330971916093,4.014944352904642,3.440857692419144,5.921019583107435,4.950076053545967,3.086557392594738,3.079812652263318,3.795157992243551,0.4984352661008306,16.783803246644965
39.5,0.2556736529360769,-0.11479284817531896,0.14333270382878335,4.0647015587099125,3.3912493785339217,5.956815410537224,5.0119139760394145,3.070642709144776,3.1174891413804104,3.7118560479230673,0.49898935597821037,16.798858620819956
39.75,0.25494985834578643,-0.11454157772033499,0.14348077460754297,4.116045035240378,3.343573406151253,5.99264858649442,5.074135296266042,3.057106912948687,3.1579547742147147,3.6300398993538194,0.49948600038756125,16.814379108972652
40.0,0.25425326105991247,-0.11429180064466327,0.143627205694286,4.168908198299262,3.297879465661459,6.028518780146306,5.136655557206917,3.045956760596476,3.2011608393916076,3.5498021707264416,0.4999234532322938,16.830375562090666
40.25,0.2535858093047145,-0.11404367658768784,0.1437711475838427,4.223223253874072,3.2542150262823393,6.0644255815698775,5.199390617146052,3.03719595135428,3.247055890602092,3.4712341012103978,0.500284714515235,16.846879462464013
40.5,0.2529477753080979,-0.11379796025559302,0.14391314842322245,4.278921388283502,3.21262535807668,6.100368368465838,5.262256862934335,3.030825071241869,3.295585913632668,3.3944256449114922,0.5006173181235775,16.86342040999289
40.75,0.25234118593075205,-0.11355480722241836,0.14405234699812106,4.335932393003196,3.1731534707348126,6.136346655571644,5.325170955206037,3.026841929662839,3.346693830800355,3.319465011806787,0.5008689215080036,16.880490118708362
41.0,0.25176740489623023,-0.11331463908645233,0.1441884481510723,4.3941852062816595,3.1358401652304666,6.172359742321174,5.388050336422248,3.025241326671326,3.400320076141071,3.2464390037896074,0.5010563937500209,16.897854316947814
41.25,0.2512276689811107,-0.11307802344493138,0.1443215007226164,4.45360780057107,3.1007240024577007,6.208406854358942,5.4508131946758525,3.0260152213919818,3.4564024064662875,3.1754327835234206,0.5011841939421726,16.915520655435078
41.5,0.2507231236591282,-0.1128455016669495,0.14445149335750793,4.51412721691093,3.0678412704943123,6.244487229539596,5.5133785397426545,3.029152850792157,3.5148758940792066,3.1065296901964676,0.5012523005004805,16.93345519038451
41.75,0.25025434837572463,-0.11261776131102463,0.14457878941689697,4.575669616623654,3.037225995930945,6.280600102878973,5.575666274984877,3.0346407945099383,3.5756729582624307,3.039811197351952,0.5012754012332018,16.951519241565872
42.0,0.24982183734436908,-0.11239554635603595,0.14470395866758248,4.638160209753534,3.0089099102109,6.316744800233197,5.637597142815191,3.042463104281036,3.6387232766918762,2.9753567161407646,0.5012572508112155,16.969781117935327
42.25,0.2494264415156868,-0.11217926103116492,0.14482679683721805,4.701523309880231,2.982922425323777,6.352920789900093,5.699092776325974,3.0526014007407145,3.703953843434487,2.9132434499068394,0.5011822000132662,16.988287815376292
42.5,0.24906788983785205,-0.11196981102163803,0.14494836508411915,4.765682494418217,2.959290718652169,6.389127489109398,5.760075868351872,3.0650348337453615,3.7712891204845618,2.853546603558976,0.5010861200299485,17.006854006187787
42.75,0.24874576761173467,-0.1117680380394851,0.14506971349001424,4.830560396392725,2.938039575014297,6.425364580380427,5.820469938894304,3.079740307772863,3.8406508538911464,2.7963388422557305,0.5009734901290668,17.025548912194363
43.0,0.24845907129833908,-0.11157482284270652,0.14519213843900725,4.896078751868955,2.919191377549099,6.461632008752931,5.880199344022668,3.09669253275386,3.9119581597152413,2.7416902223443387,0.5008610081528875,17.04431131855873
43.25,0.24820668256862602,-0.11139074801770138,0.14531637993959926,4.962158338948562,2.902766050411886,6.4979300433626825,5.939189161204005,3.115864085041148,3.9851275166931197,2.689668015782624,0.5007477677311428,17.063118721888955
43.5,0.24798686908084228,-0.11121664144797384,0.14544394932536464,5.028719021108006,2.888781090939346,6.534259138347583,5.997365214154291,3.137225355709008,4.06007282806172,2.6403368261696847,0.5006567007492375,17.0819859213491
43.75,0.24779748384593142,-0.11105307579817807,0.14557594569523152,5.095679689451836,2.877251425694183,6.570620125678924,6.054653930822573,3.1607446432275483,4.136705448081099,2.593758208160817,0.5005956807306913,17.10081868364611
44.0,0.247636118407028,-0.11090059552460996,0.14571361545284944,5.162958238916769,2.8681893924133606,6.607014112102732,6.110982288178895,3.1863880756611724,4.214934189654643,2.5499907091655487,0.5005750657686237,17.11967117158361
44.25,0.24748945423472157,-0.1107645708817492,0.1458705265616511,5.230471593712547,2.861604656205084,6.643442515965944,6.166277778405712,3.2141195987111035,4.294665409019382,2.5090897136990646,0.500955476683207,17.136982228071314
44.5,0.24737772555534546,-0.11063086750237759,0.14601296080013168,5.2981336757763655,2.857502046268677,6.679910147606357,6.220465134756553,3.243901683659136,4.375802216796178,2.471102408878218,0.5005738903950289,17.157310565086977
44.75,0.24728579231200015,-0.11051049311965316,0.14616694476618863,5.365861672180809,2.8558891297740145,6.71641338780639,6.273476995694878,3.2756919698340243,4.458246348666739,2.436086289714004,0.5007239114980541,17.176010791733862
45.0,0.2472104365002413,-0.11040260471195702,0.14633130092742505,5.433569920495247,2.856766695012658,6.752955123997937,6.325242431876189,3.3094477443703734,4.541897409114304,2.4040856456549426,0.5009251300576427,17.194630084972346
45.25,0.2471487529174336,-0.11030628831556454,0.1465047562789309,5.501171899921892,2.860132823012808,6.789537949229794,6.37569115563245,3.3451236181743775,4.626652644211333,2.375142027851239,0.5011709765089079,17.213148270949695
45.5,0.247098197288676,-0.11022062366056104,0.14668607337373588,5.56858036940505,2.8659827972734813,6.826164138299526,6.424753723333802,3.3826714733855017,4.712407015476298,2.3492941211614613,0.5014548976044034,17.231582979746822
45.75,0.24705670960108964,-0.11014449352028191,0.14687354725702503,5.6357075295155035,2.874309017122274,6.86283565664296,6.472361745159291,3.422040450806227,4.799053313871716,2.3265775834383207,0.5017623334663525,17.249888301772828
46.0,0.24702230276731413,-0.11007699888411587,0.14706598753003716,5.702465189250276,2.885100984851612,6.899554043457217,6.518448167250042,3.463176913787106,4.88648221125051,2.3070250559161183,0.5020963356783356,17.268022131970838
46.25,0.24699379234813418,-0.1100170366813572,0.14726168529606787,5.768764903657476,2.8983451572969274,6.936320540339726,6.562947392203611,3.506024492873404,4.97458241511134,2.290665821720452,0.502434989588588,17.28606074740458
46.5,0.24697020594649047,-0.10996354475935244,0.14745894598985387,5.834518209761253,2.914025012209817,6.973135961663743,6.605795634074973,3.5505241361243707,5.063240785447533,2.277525888295263,0.5027725887406346,17.30389991515291
46.75,0.24695095689175492,-0.10991559441556475,0.14765631429768122,5.899636770817879,2.9321209922467015,7.010000698161207,6.646931109949453,3.596614160535063,5.152342431686305,2.26762782395834,0.5031020613043689,17.32156050239134
47.0,0.24693629810139317,-0.10987219923242318,0.1478520882315894,5.964032574244337,2.9526104728136544,7.046914776735627,6.6862942385396655,3.644230374413762,5.2417709099490075,2.2609905712135476,0.5034021128329559,17.339162691002983
47.25,0.2469261906163336,-0.10983267420067377,0.14804515553246747,6.027618179560176,2.9754678679929,7.083877798793524,6.723827958818914,3.6933062504053336,5.331408400301437,2.257629485580467,0.503682079287237,17.356525610359252
47.5,0.24692113563606352,-0.10979625545552783,0.14823410404336562,6.090306814021787,3.000664496839561,7.120889087676641,6.759477742775842,3.74377301388834,5.421135885267732,2.2575559797907823,0.503926314173223,17.37367169311005
47.75,0.2469218772637745,-0.10976236891616298,0.14841784898918073,6.152012558579701,3.028168681012967,7.157947613687482,6.793191838729113,3.7955598007863722,5.5108332784302885,2.260777561239561,0.5041307562616639,17.390612711972658
48.0,0.24692941053247955,-0.10973055327620337,0.14859545108308492,6.212650523256872,3.0579457558131766,7.195052075934777,6.8249213832901905,3.8485938405854476,5.600379663223553,2.2672976710409056,0.5042896027680123,17.407358070113887
48.25,0.24694489259210659,-0.10970044073546988,0.14876606838543616,6.27213700684264,3.0899581171344512,7.232200938705549,6.854620514936428,3.9028006374289754,5.689653498748853,2.2771155968399266,0.5043983591625404,17.42388650067632
48.5,0.24696956532815736,-0.1096717210850846,0.14892887015155576,6.330389634359573,3.1241652699618006,7.269392455801908,6.8822464629781575,3.9581041410471087,5.778532805740989,2.2902263988764924,0.5044532107211197,17.440137422074006
48.75,0.24700478858522762,-0.10964434920144156,0.1490835613381031,6.38732747244932,3.16052387804056,7.306624673339797,6.907759622475882,4.014426903693198,5.866895322422758,2.3066208523879217,0.504454941338563,17.456187499010557
49.0,0.247051994553434,-0.10961819658459283,0.14922953916888762,6.442871191129092,3.1989878010231716,7.343895563674322,6.931123553585412,4.071690287874116,5.954618828672773,2.326285314172227,0.5043973852908773,17.471960642781834
49.25,0.24711266677824462,-0.10959333024518701,0.14936657819998145,6.49694313931753,3.2395081876675813,7.3812029484665445,6.952305061002848,4.129814606985702,6.041581217632212,2.3492017683494604,0.5042812064686011,17.48749806850611
49.5,0.24718824980067705,-0.10956979130337408,0.14949430069076247,6.549467475379696,3.2820335286833684,7.41854459301654,6.9712741758400405,4.188719310774804,6.127660774919352,2.375347746591933,0.5041040354600822,17.502725596532443
49.75,0.2472800567257294,-0.10954776703890338,0.1496126094510205,6.600370233370318,3.326509728547002,7.45591816818923,6.988004180473808,4.248323116957568,6.212736286266828,2.4046963401364363,0.5038695138360381,17.517616414172636
50.0,0.24739071214032274,-0.10952685166900065,0.14971986657546243,6.6495794190591955,3.3728801369577615,7.493321320551985,7.002471560725912,4.308544145216003,6.296687277392479,2.43721612869952,0.5035345288836275,17.5323465092676
50.25,0.2475182872542034,-0.10950974085615472,0.1498219825371254,6.6970250618792395,3.4210859919756587,7.530751287195851,7.0146563354656735,4.36930030005156,6.3793937882928065,2.4728716838997573,0.5032615055617872,17.546615107691515
50.5,0.2476669109855387,-0.109493724122907,0.1499118355550356,6.7426396248717335,3.471065157732313,7.568206782830132,7.024540586619709,4.430508667150958,6.460738663123756,2.511621648313668,0.5028088762561438,17.56056876165538
50.75,0.2478369910422565,-0.10948040167905063,0.14999246436494335,6.786357270704677,3.522754163759119,7.605684741718891,7.032110709700963,4.492086535663359,6.540603831708391,2.5534217918548796,0.502338545894597,17.574240111852756
51.0,0.24802957196675354,-0.10947012960309414,0.15006400004709577,6.8281146932786045,3.5760869720484387,7.643182857810126,7.03735575432109,4.553951061978023,6.618873632236119,2.598222882118854,0.5018129307808284,17.58757011844737
51.25,0.24824539529224754,-0.1094633486216574,0.15012678133617188,6.8678509131453644,3.63099536344751,7.6806988578219,7.040267798964251,4.616019432942523,6.695434027326478,2.6459712939524964,0.5012394010632085,17.600509775293478
51.5,0.2484856466936394,-0.10946028689922653,0.15018064345462118,6.90550734591912,3.6874089534033887,7.718230553155943,7.0408418658767244,4.678208916921679,6.770172825961517,2.6966089898850987,0.500603993360338,17.613176409597724
51.75,0.24875089024619193,-0.10946139069516185,0.15022593817146077,6.941027829413644,3.7452554069776256,7.755775714019599,7.039075969232348,4.74043707997914,6.842979689594939,2.750073733976112,0.49992288023470266,17.62543011317771
52.0,0.249041725713474,-0.10946702266294188,0.1502628522174112,6.974358712410636,3.8044603673216737,7.793332198562464,7.034970972978042,4.802621754006667,6.913746451843229,2.8062989806366803,0.4991937543826638,17.637302004028477
52.25,0.24935862903367131,-0.10947755219291147,0.15029161996765478,7.005448896687791,3.8649475649665237,7.830897911616817,7.0285305690414726,4.864681147678117,6.982367224334109,2.865213982254931,0.4984193079927608,17.648788330281413
52.5,0.24970199366613724,-0.1094932534438828,0.1503122776826612,7.03424989660135,3.9266388826150447,7.86847081660873,7.01976122092962,4.926533916244715,7.04873857227308,2.9267438489853745,0.497599130870888,17.659852398613562
52.75,0.25008656964178094,-0.10950848261195047,0.1503100650256879,7.06071587388477,3.989454431512942,7.906048886029396,7.008672144350244,4.988099238346752,7.1127596034192955,2.9908096246791325,0.4963045962898907,17.67306476351411
53.0,0.25048122248639154,-0.10954091428811716,0.15032691928079808,7.084802033803276,4.053316152483552,7.943626402285818,6.995277284239869,5.049300750364266,7.174326783366683,3.057331554602837,0.49596240714424095,17.68077292727342
53.25,0.25090242126350015,-0.10957721862104672,0.15033162328054936,7.106471232492102,4.118136668126894,7.981208132106017,6.979587683704412,5.110054288217919,7.233354781279792,3.1262190480358694,0.49500549242950576,17.690663491319985
53.5,0.2513505545925772,-0.10961838180529926,0.15032590713383315,7.125685278567463,4.183831187861816,8.018791037926155,6.961620957999757,5.170280831136452,7.2897495991351695,3.1973815445871803,0.4940132411526985,17.700132310791474
53.75,0.25182571308915547,-0.10966517411710475,0.1503110935591579,7.142409117483622,4.250313470423653,8.056372514709613,6.941397134448424,5.229902252860579,7.343421100518818,3.270724687986728,0.49298988472215627,17.709169551407665
54.0,0.25232711483453457,-0.10971871680398057,0.1502895078759356,7.156610814589073,4.317495884871277,8.093950288099403,6.918938635717533,5.288841310242939,7.394282993460614,3.346150459499615,0.49196452376805777,17.717796039573777
54.25,0.2528556566247673,-0.10977823872301294,0.1502589570249193,7.168261724207599,4.385289353665663,8.131522665068387,6.89427011419747,5.3470214357155745,7.442253334217728,3.423557271615752,0.4908638582676387,17.72596657271486
54.5,0.25341017160594936,-0.10984504620202412,0.15022231688859125,7.177335955615615,4.453603782034571,8.169087404324616,6.867418920055313,5.404367386233592,7.487252991175918,3.502840177835549,0.48977439550737095,17.73372931451382
54.75,0.253989919364419,-0.10991925625622387,0.15017975400947678,7.18381109133199,4.522347786831241,8.206642983546764,6.838414501994562,5.460804603138774,7.529207680669419,3.5838909705237074,0.4886663938250515,17.740982028888247
55.0,0.25459412603150294,-0.11000106889383604,0.15013172690816765,7.187667897182628,4.591428863659828,8.244187922049134,6.80728869244105,5.516259475501891,7.568047101924206,3.6665982518177644,0.48754444886547915,17.747802435131483
55.25,0.25522197742870356,-0.11009052768119708,0.15007839593249314,7.188890408346785,4.660753503773745,8.281720853776177,6.774075641274216,5.570659382982431,7.603705175419353,3.7508476245650595,0.4864078240235901,17.754165366272634
55.5,0.2558726164085652,-0.11018763282044511,0.15001988720798667,7.18746595166264,4.730227292364399,8.319240452759301,6.738811827427419,5.623932767790575,7.63612007589786,3.8365218169382223,0.48525804808334505,17.760069208263346
55.75,0.25654512480099906,-0.11029230244013265,0.1499561909605876,7.1833851981989705,4.79975501591454,8.356745424561298,6.701536039312911,5.676009195979205,7.66523435708503,3.9235008358498757,0.4840959271345186,17.765477801056267
56.0,0.25723855688566283,-0.11040448811471311,0.14988744312861396,7.176642207809081,4.869240763700658,8.394234472301445,6.662289370963904,5.726819424366441,7.690995044654258,4.011662103034874,0.482924331271793,17.77041421243338
56.25,0.25795187178706036,-0.11052414030604095,0.14981384254611693,7.167234495701283,4.93858805338762,8.431706333083598,6.621115180037552,5.776295456398348,7.713353811365015,4.100880650376892,0.48174682438004945,17.774869104757535
56.5,0.258684494821782,-0.11065068167269529,0.14973433497052793,7.155163093414093,5.007699943508808,8.469159793720127,6.578059064136507,5.8243705866640365,7.732267122691679,4.191029300353579,0.48054322809130473,17.7787893149359
56.75,0.2594351748385,-0.11078426369927716,0.14964966663572793,7.140432418187572,5.076479190257811,8.506593377462758,6.533168912187094,5.8709796838259445,7.747695924188051,4.281978696689678,0.47934333987439753,17.78217019940924
57.0,0.26020299000315583,-0.11092467223377085,0.14955977357162611,7.123050577771668,5.1448283439682685,8.54400579412169,6.486494762318225,5.916058979908259,7.759606393225111,4.373597708028278,0.47813519212987604,17.785052740745716
57.25,0.26098683566001674,-0.11107174561654558,0.14946476037553266,7.103029272527519,5.212649909628592,8.581395737514596,6.438088808856179,5.959546274442709,7.767969736198859,4.465753544814475,0.47692466597559,17.787387623540535
57.5,0.2617858616435298,-0.11122501224483407,0.14936400880423828,7.080383866407186,5.279846463841056,8.618761927608478,6.38800537685345,6.001380958652834,7.772762355960922,4.558311969029279,0.47570083972507815,17.789135576061142
57.75,0.2625978377186787,-0.11138524338538792,0.14926001510799455,7.055133312294497,5.346320797693182,8.656102929809538,6.336300915475899,6.041504216140451,7.773965709113094,4.651137379245913,0.47452084978620124,17.790308668057584
58.0,0.2634240588648622,-0.11154994019033501,0.1491473105034243,7.027300647588131,5.41197604368695,8.693417933586536,6.283033894959411,6.0798585190757715,7.771567400216851,4.744093568298129,0.4732442793837356,17.790956824991785
58.25,0.264262351719851,-0.1117204261982067,0.1490296294860039,6.996911767920173,5.476715849750206,8.730704761212392,6.2282648865673345,6.116389181839762,7.765558649273011,4.837042517660649,0.4720190813178819,17.79099397037742
58.5,0.26511149009050433,-0.11189634513082772,0.14890678836719393,6.963996804115233,5.540444633812986,8.767962168583892,6.172056289378807,6.151042882352076,7.755937318851659,4.929846385273896,0.4707958487561316,17.79037178973605
58.75,0.2659704707029038,-0.11207728849766535,0.14877850377978663,6.928589599722732,5.603067598982206,8.80518886567569,6.1144724615774875,6.183768283826126,7.742706737867976,5.022366914138287,0.4695702521684688,17.7891363219842
59.0,0.26683770843865656,-0.11226343026725276,0.14864596129366275,6.890727659659294,5.664490917944264,8.842383491620637,6.055579632820429,6.214516165789442,7.72587568649816,5.114465670099086,0.4683684780858873,17.787309138110622
59.25,0.26771309559099454,-0.11245314024556004,0.14850593301512674,6.850452343501281,5.724621932692332,8.879544981944052,5.995445856365196,6.243239235677116,7.705458830637367,5.206004629707548,0.4671213672857231,17.784707599898965
59.5,0.2685953351031686,-0.11264705056487545,0.1483606785681063,6.807808271222466,5.783369134696804,8.916671465197835,5.934140962900964,6.269892961831983,7.681475579543968,5.296845307561625,0.4659020060095437,17.781629743635715
59.75,0.2694831039582355,-0.11284440068436742,0.14820910586873626,6.76284389889972,5.84064265365741,8.95376163483986,5.8717363511587095,6.294434828952449,7.653951446640731,5.386850478362371,0.46468095637226037,17.777586852562763
60.0,0.2703756355199373,-0.11304499672607239,0.1480515333673393,6.715611268432362,5.896354108937564,8.990813911307045,5.808305152502719,6.316824811836904,7.622917384362005,5.475883406038225,0.46346216470384416,17.77298643040807
60.25,0.27127203812272216,-0.113248424190357,0.14788773799630484,6.666165928814127,5.950416971542248,9.02782679464888,5.743921945621622,6.337025346341892,7.588409912006632,5.5638085967426045,0.46224345130859723,17.767683115387182
60.5,0.2721728506347402,-0.11345266230290853,0.14771346784038158,6.614566874878578,6.002746651442949,9.064798729147956,5.678662735237843,6.355001447582525,7.550471014519314,5.650491855303372,0.460957329025523,17.761428980577183
60.75,0.2730742918870643,-0.11366152048762235,0.1475388309469969,6.560876011584611,6.053260403522354,9.101727096108052,5.612604709648318,6.37072148448197,7.509147313520904,5.735799322562738,0.45982384038162166,17.754874429822582
61.0,0.2739769670400756,-0.11387163696046394,0.1473565644504979,6.50515966030072,6.101878507996755,9.138611803844801,5.54582653381014,6.38415488394382,7.4644927867913,5.81960213204969,0.45860310562491363,17.747349700022397
61.25,0.2748821734740624,-0.11408638651443771,0.14717588683105526,6.447486683457569,6.148523022709986,9.175450944957426,5.478407982220802,6.395274863248738,7.416565384694335,5.901771182171234,0.45744397044768526,17.74178192465678
61.5,0.2757844838821293,-0.11429682349492286,0.14697534895649703,6.387928825004937,6.193119615087042,9.21224491666519,5.41042908551066,6.404056238954543,7.365428564499214,5.982182991219541,0.4561553826975195,17.729907566693637
61.75,0.27668621491398154,-0.11450834207058104,0.14676892978534323,6.326561356233801,6.235594155871154,9.248988753904314,5.34197253131926,6.410479392107388,7.311150181148341,6.06070891963492,0.4549421797997956,17.720145509859417
62.0,0.27758627184837864,-0.11472065634983838,0.14655671726739827,6.263462272044256,6.2758771478763355,9.28568098635065,5.2731206685848955,6.414526015370962,7.253803875503617,6.137228280381709,0.45374062627246464,17.709576484744435
62.25,0.27848371789525866,-0.11493342720623509,0.14633868347094123,6.198712435924385,6.313902063122146,9.3223201656675,5.203956645769319,6.416180692136075,7.193468226079451,6.211623434108217,0.4525477170647935,17.698239020343173
62.5,0.2793774627419779,-0.11514651233487706,0.14611529469119122,6.132395421554961,6.3496054693883455,9.358904836535237,5.1345642713644875,6.415430963762143,7.130226571745435,6.283779975014548,0.45137210480034246,17.68614674468616
62.75,0.280266233830978,-0.11535986068145186,0.14588727252201758,6.064597431833646,6.3829272034997,9.395433660208035,5.065027944927563,6.412267292904965,7.06416691873973,6.353587114094435,0.4502214087382451,17.673299862644573
63.0,0.2811486115673927,-0.11557337270920527,0.1456552595650536,5.995407205103307,6.413810511776899,9.431905478338539,4.995432605749123,6.406683054555692,6.995381804457491,6.420937968998106,0.44909963589463286,17.65966992661404
63.25,0.28202305239701186,-0.11578706730470012,0.14542023816074917,5.924915901483061,6.442202152369187,9.468319293229802,4.925863675548812,6.398674576560016,6.92396812741731,6.485729728178357,0.44801486500826043,17.64531288681831
63.5,0.2828880204195936,-0.11600064274085468,0.14518244280556486,5.853216979330103,6.468052539252191,9.504674352769989,4.856406998576077,6.38824112234234,6.850026960084129,6.5478639561620415,0.44696184047350046,17.63015621359176
63.75,0.28374084210438993,-0.11621507954000686,0.1449453445932831,5.780406034867703,6.491315765432555,9.54096996347138,4.787148734626266,6.375385029572331,6.7736633351091395,6.607246501292779,0.44599702992626483,17.6143411049706
64.0,0.28457946956900865,-0.11642980221488995,0.14470870664952298,5.706580894246211,6.511950063315677,9.5772062996197,4.718175617682161,6.360111302584619,6.694986170810261,6.663788824046734,0.4450776901738228,17.59771669500149
64.25,0.28540145954394036,-0.11664496804422532,0.14447414196529026,5.6318412926951416,6.529917472533088,9.613383476282081,4.649574651660066,6.342428150411349,6.614107933730217,6.717406794654828,0.444231925967771,17.58042111624334
64.5,0.2862041876538769,-0.11686050706377467,0.1442427858038477,5.556288787945077,6.545184156226088,9.649502011773404,4.581433152014525,6.322346796040592,6.531144423875628,6.768021516411584,0.4434624936653117,17.562403180475453
64.75,0.2869846929701954,-0.11707673312676622,0.1440168112743632,5.480026624878742,6.557720440795587,9.685562708224365,4.513838687597609,6.299881596064175,6.446214562159875,6.815559285526999,0.44279069766924756,17.543794674417793
65.0,0.2877398743287182,-0.11729337017258776,0.14379703016661302,5.403159605342125,6.56750102219367,9.721566911042956,4.446879112925253,6.275049966762263,6.3594400977589975,6.859952077625077,0.4422103214742749,17.52443648907956
65.25,0.2884668940188479,-0.1175103576408285,0.14358486487503058,5.325793955688846,6.574504905155855,9.757516168584608,4.380642454811918,6.247872634260757,6.270945456565775,6.901137176050953,0.44172740205482225,17.50460819502803
65.5,0.2891625484851202,-0.11772736987257482,0.14338113716927872,5.248037057487561,6.578715528711201,9.793412384803366,4.315216767992991,6.218373597335921,6.1808573469821315,6.939057460086481,0.4413465281155791,17.484124403842543
65.75,0.28982035793667243,-0.11794681530480049,0.1431935803658794,5.169997357481439,6.580120800722062,9.829257669095686,4.250690080046694,6.186580294985337,6.089304634916183,6.973661306458787,0.44120513197261096,17.462922356915186
66.0,0.2904446036098248,-0.11816088955105049,0.14300477621176425,5.091784654095186,6.578714129578252,9.865056064187156,4.187151481082126,6.152523066457116,5.996417827108245,7.004905192699388,0.4408567654752513,17.441565426111218
66.25,0.29102914553480486,-0.11837407734982261,0.14282716083903596,5.013508419473891,6.574490971090838,9.900807258240096,4.12468690615655,6.116237419588755,5.902329932791232,7.03274452259292,0.4407788618511623,17.419540312388165
66.5,0.29157142810556685,-0.11858552417427219,0.14266038407936293,4.935278842747632,6.567453042849756,9.936514048449855,4.063383168406178,6.077761371423071,5.807174517089086,7.057144714276442,0.44079470319567127,17.39711077674563
66.75,0.2920691756224998,-0.11879428377490081,0.1425038371329574,4.857206290130954,6.557606569249201,9.972179144469695,4.003326280418415,6.037136657522006,5.711086299843492,7.078076480976397,0.4408980686652338,17.374278768227065
67.0,0.29252045072358746,-0.118999443060239,0.14235694543710806,4.7794010699041305,6.5449622807814585,10.007805103752935,3.944601196769774,5.994408766747752,5.614200943038487,7.095515794815165,0.4410843198642453,17.351108314144167
67.25,0.29292370310388305,-0.11920008257843365,0.1422190561663092,4.701973170729599,6.529535420255747,10.043394340112211,3.8872915611197394,5.9496269145727485,5.516654780339459,7.109443925938745,0.44134653375523913,17.3276693268246
67.5,0.29327770826203936,-0.11939515001292399,0.14208910316502313,4.625031996803874,6.511345712304378,10.07894910415379,3.8314794355044968,5.902844001168576,5.418584558103252,7.119847423440179,0.441674695930481,17.3039312284095
67.75,0.2935813552849179,-0.11958404371003352,0.14196704750975478,4.54868613939199,6.490417297250388,10.114471379945044,3.7772450105492963,5.854116594178397,5.3201272682346845,7.126718000322378,0.44207768335590675,17.280018987773456
68.0,0.29383390897846356,-0.11976573778741938,0.14185171590170653,4.473043103587727,6.466778803974043,10.149963141822482,3.724666494574262,5.803504764770406,5.221419712601193,7.130052843177679,0.44253730561855575,17.255845724253778
68.25,0.29403537326283696,-0.11993957125983214,0.14174273367421716,4.398209121318993,6.440463172238594,10.18542607079791,3.6738197596767233,5.751072098362884,5.122598482961262,7.129854246114305,0.44304820280938123,17.231771997964643
68.5,0.29418219814832713,-0.12010444478510428,0.14163850147134854,4.324288779776713,6.411507569170955,10.220861754216463,3.6247781055614374,5.696885419598965,5.023799453991988,7.126129718742945,0.4436600656074633,17.205860365080074
68.75,0.294281562384534,-0.12026025003117581,0.14153996145361517,4.251385558708125,6.379953875756282,10.2562713795843,3.5776125914084287,5.641015455767064,4.925158526007822,7.1188922957455,0.44420912773748666,17.1833732980511
69.0,0.29433003577966654,-0.12040638900466452,0.14144633312300406,4.179599588544384,6.345846913949113,10.291656369947704,3.532390264683234,5.583534582219399,4.826808912405535,7.108159245678826,0.4448632032348468,17.159175190923964
69.25,0.2943281659742243,-0.12054233383344509,0.14135712249141766,4.1090294838928125,6.309236094384858,10.327017953228456,3.489175720009299,5.52451874947687,4.728883247776325,7.0939534392928465,0.44555554891733323,17.13506000995622
69.5,0.29427663436992846,-0.12066767569954433,0.1412720161520587,4.0397714634801005,6.270174644984617,10.362357233851311,3.4480302907808116,5.464046625044563,4.63151263617939,7.076302664924669,0.4462848311492154,17.111067648754798
69.75,0.2941762405356276,-0.12078199942141712,0.1411905750058453,3.9719191646794747,6.22871949282114,10.397675237889326,3.4090119253005207,5.402199414507996,4.534826404058429,7.055239571134283,0.4470467344826301,17.087188236601285
70.0,0.29402813751591667,-0.12088516153072036,0.14111293113342746,3.9055634939116253,6.184931115945042,10.432972881640787,3.3721750413627234,5.33906070111338,4.438951946460527,7.030801530776704,0.44784015725627635,17.063654267230152
70.25,0.2938333776388656,-0.12097687089599109,0.1410387421147635,3.840792395160017,6.138873377593098,10.468251114424143,3.337570447511959,5.274716174646033,4.344014342808075,7.003030580540163,0.4486611746282453,17.040332494727547
70.5,0.293593150280887,-0.12105700321747191,0.14096798181324346,3.777690785421466,6.090613374303038,10.503510799952835,3.3052452175771885,5.209253524171267,4.250136353265743,6.971973224434809,0.4495096794984944,17.01731713067481
70.75,0.29330875197288614,-0.12112546931452536,0.1409006204135963,3.7163403942182667,6.04022128172687,10.538752795406145,3.2752426349296226,5.142762220403994,4.157438153506911,6.937680343049746,0.4503828871968016,16.99465621119075
71.0,0.29298153189891146,-0.12118223803025817,0.14083668417528133,3.656819648401193,5.987770175697883,10.573977950509544,3.2476021177972383,5.075333321638162,4.066037179005147,6.900207029757604,0.45127957388844664,16.97238653879028
71.25,0.29261285800403886,-0.12122728414015008,0.14077613176484557,3.5992035686430723,5.9333358629319735,10.609187121553365,3.2223591703540415,5.007059284647616,3.976047966932103,6.859612441216331,0.45219776937097383,16.950510543511765
71.5,0.2922057355590183,-0.12125935498131656,0.1407157681703706,3.54356369105452,5.876996709450479,10.644381154494576,3.1995453312854085,4.938033787849327,3.8875820508236316,6.81595963105163,0.4530697393742009,16.929117227108375
71.75,0.2917586475789435,-0.12128217704317157,0.14066462155075293,3.489968147032803,5.818832982760035,10.67956009653717,3.179187546150441,4.868351305863947,3.8007487479151654,6.769314659656122,0.4541122271607902,16.908396501802994
72.0,0.29127433991450424,-0.12129330167104123,0.1406166200404108,3.4384807933276003,5.758928207574542,10.714726251924859,3.161310234970603,4.798107474253247,3.715651351684598,6.719748940895836,0.4550892822357264,16.888044415816072
72.25,0.290754498658342,-0.12129297716258504,0.14057212293665164,3.3891623457056754,5.697367334393241,10.749880406934961,3.1459329198653814,4.727398548088547,3.6323917715459695,6.667336120697935,0.45608185527928624,16.868322863061703
72.5,0.2902006848098539,-0.12128147752798038,0.14053149598822096,3.342069732801969,5.634237142647605,10.785023437669125,3.1330711163833618,4.656321206416321,3.551068349220576,6.6121530788788885,0.45709167853840005,16.849224362972084
72.75,0.2896144446896253,-0.12125906014011709,0.1404950183672536,3.297256074988649,5.569626089302545,10.82015631166618,3.12273636065624,4.584972409418428,3.471775789321058,6.554279769186663,0.45811740702237436,16.83077391727733
73.0,0.28899732824987323,-0.12122597380100635,0.14046290578643003,3.254770672503642,5.503624131258704,10.855280066257993,3.1149362212595575,4.513449234462554,3.394605123747726,6.493799028054854,0.4591574462680476,16.813001547031146
73.25,0.28835088923739266,-0.12118250130791333,0.1404354192809203,3.214658997777579,5.4363225482209065,10.8903957927046,3.1096743188088025,4.441848708855676,3.3196436767463555,6.430796387586137,0.4602113017314365,16.79595487198024
73.5,0.2876766398788549,-0.12112890387225889,0.14041273103297205,3.176962684558451,5.367813770743946,10.92550464752483,3.1069503678995694,4.370267643732239,3.2469750012173324,6.365359897755653,0.46127787586266955,16.779636748492358
73.75,0.28697606655639374,-0.12106548938838844,0.1403950985728801,3.141719540325074,5.298191220051835,10.960607830283074,3.1067602079163965,4.298802484335077,3.176678872733752,6.297579955768592,0.46235762445211304,16.76408634593145
74.0,0.286253123842156,-0.12098987920230143,0.14037602255010787,3.108963545804356,5.227549150139331,10.995706604926294,3.109095863165988,4.227549158893273,3.1088312284427246,6.2275491413853885,0.46332388623089654,16.748997351834895
74.25,0.28550431478910027,-0.12090916610853276,0.14037235652162847,3.0787255453330915,5.155981867539853,11.030800610563821,3.113944583430151,4.156602250299478,3.043506507236032,6.155361484780228,0.4645764228074627,16.735409881354972
74.5,0.28473340058840935,-0.12081898539477964,0.1403730713670473,3.0510308031313498,5.0835854931993865,11.065893699694229,3.121292276785263,4.086056884426696,2.9807693294774364,6.081114101972077,0.4656834435760249,16.722312932355777
74.75,0.28394200284416643,-0.12071973177404248,0.14037851787393185,3.025902151608762,5.010455834969566,11.10098696753599,3.13111971866408,4.016006608722716,2.920684584553444,6.004905061216416,0.4667962209578469,16.710080380124186
75.0,0.28313164814729935,-0.12061181144951823,0.14038905652700756,3.003358662325925,4.936688899594516,11.136081597004473,3.143404104914719,3.9465438223406277,2.8633132197371314,5.926833976848405,0.46791580735630167,16.69872306859414
75.25,0.2823038462954754,-0.1204956116601589,0.14040498891844433,2.9834156887284924,4.862380764058588,11.171178861136225,3.158119134107777,3.8777596662891938,2.8087122433492078,5.847001861827982,0.46904099170915703,16.688273628836402
75.5,0.28146005946864777,-0.12037149111746417,0.14042653398279917,2.9660849220190983,4.787627433670066,11.206280108365837,3.175235084446475,3.8097438978864826,2.756934759591722,5.765510969453649,0.47017081536543787,16.678738931806173
75.75,0.2806017356447528,-0.12023978504609682,0.1404538415893298,2.951374451472398,4.71252471490659,11.241386741861536,3.1947188883593385,3.742584776025745,2.7080300145854577,5.682464653787435,0.4713036977527309,16.67013524133916
76.0,0.2797302998130269,-0.12010083647219025,0.14048707011264092,2.9392888268702264,4.637168086630445,11.276500202258868,3.2165342121975105,3.6763689420040953,2.6620434415429424,5.597967231256795,0.47243900852558585,16.66248468582736
76.25,0.2788470830594203,-0.11995499366534892,0.14052638231396564,2.929829115322224,4.561652577762373,11.311621969787028,3.240641548798083,3.611181309813249,2.619016681846365,5.512123845711496,0.4735775372361186,16.65577696697813
76.5,0.2779534386661335,-0.11980261464308474,0.1405719627429447,2.9229929567040767,4.486072666740345,11.34675356536552,3.2669983068568182,3.54710497876259,2.578987606551335,5.425040354718099,0.47471798550252775,16.65005898831149
76.75,0.27705057110868736,-0.11964397262516925,0.14062378021962516,2.9187746281814255,4.410522157223016,11.381896556051256,3.2955589126205163,3.4842211246209134,2.541990343742335,5.336823189825119,0.4758598625645382,16.645248123547127
77.0,0.2761397678662327,-0.11947944037054475,0.14068205049027216,2.9171651196317545,4.335094107544515,11.417052501106163,3.3262748671345683,3.4226089216383637,2.5080553721289407,5.247579293450666,0.47700297084320253,16.64144882737769
77.25,0.2752221881699288,-0.11930934441222857,0.14074687481647913,2.9181521824689445,4.259880694769698,11.45222301372873,3.3590948847688833,3.3623454401482276,2.477209480169006,5.157415949391168,0.478147654221942,16.63861366947368
77.5,0.274299041434092,-0.11913392240305432,0.14081813590046316,2.9217204006111444,4.184973144401863,11.48740973243285,3.3939649684550766,3.303505579404774,2.449475832767212,5.066440709398952,0.47928933097160176,16.63673958982797
77.75,0.27337151378266644,-0.1189535184190136,0.14089597492813158,2.9278512865593633,4.110461630443181,11.522614266407965,3.4308284896406356,3.246161952564877,2.424874083478091,4.974761308321486,0.4804299537383701,16.635875458076864
78.0,0.2724408793514707,-0.11876815664425854,0.1409797343355971,2.936523324497477,4.036435175619547,11.557838260139999,3.4696263217997996,3.1903848258960337,2.4034203271951546,4.8824855253430615,0.4815576130850488,16.63590492451759
78.25,0.2715081076564852,-0.1185784146551484,0.1410701082103252,2.9477121267237414,3.9629815852331927,11.593083193723897,3.5102968618214248,3.1362419552195653,2.385127391626058,4.78972121524682,0.4826915787934795,16.63694336720292
78.5,0.2705745306535136,-0.11838430570153612,0.14116641470048744,2.9613903372645405,3.8901873556165194,11.62835072077648,3.5527762560012826,3.0837986806465025,2.3700044185277984,4.696576030586536,0.4838087314143626,16.638923060896943
78.75,0.2696413770024169,-0.11818603956631965,0.1412684219877486,2.9775278882608864,3.8181375934551105,11.663642324451601,3.5969984027850894,3.033117669099608,2.3580573737366834,4.603157517810613,0.48491386053179003,16.641838661493985
79.0,0.2687099051058837,-0.1179838015298197,0.1413758199728789,2.9960920099380046,3.7469159384257913,11.698959429948538,3.6428951008337354,2.984258897805481,2.349288919042274,4.509572979046101,0.4860037858633107,16.645671004225658
79.25,0.2677827124574819,-0.1177769576264104,0.14148622317370937,3.017047315003234,3.6766044912961577,11.734303384941757,3.690396160703446,2.937279574906759,2.343698469303022,4.415929407685557,0.48702519474652234,16.650510056697662
79.5,0.2668581764970415,-0.11756808832370563,0.14160510843946517,3.0403562502487276,3.6072836388046627,11.769674940735184,3.7394295304165195,2.8922336063206107,2.3412829700809357,4.322333671288715,0.4881489915388254,16.656059991344225
79.75,0.26593927850376753,-0.11735542097936215,0.14172745662551706,3.0659778391008348,3.5390322245745742,11.80507621784505,3.7899215053560633,2.849173131651289,2.342034172845606,4.22889131749786,0.48916998568793846,16.662529316011163
80.0,0.2650272824320803,-0.11713945102114955,0.14185358428063952,3.0938694271045435,3.4719273887845725,11.84050808200143,3.8417965949371946,2.808146587903868,2.3459422592718924,4.135708189665277,0.49017367923035327,16.6698604482645
80.25,0.2641235782361605,-0.11692044206451489,0.14198323409103533,3.12398597363811,3.4060444388766418,11.87597147807159,3.8949778621206272,2.769199475094905,2.3529940851555926,4.042889402658378,0.4911500784684143,16.67801933845449
80.5,0.26322962685813045,-0.1166986580330517,0.14211612192780218,3.156280209059394,3.3414568181153315,11.911467286594348,3.949387022240869,2.732374243348063,2.363173395877919,3.9505393928826,0.49209548101362377,16.687012204429987
80.75,0.26234666920916916,-0.11647431478635072,0.14225181010980462,3.19070273190583,3.2782360482011,11.946996317076298,4.00494458450505,2.697710247331069,2.376460879306611,3.8587618490711315,0.49301085704881115,16.6966845490261
81.0,0.26147619008582773,-0.11624769425658335,0.14239000073297178,3.2272020551778238,3.216451730176075,11.98255926960375,4.061569926625783,2.6652437339574044,2.392834183729865,3.7676597263947453,0.49389052914130893,16.70713817074253
81.25,0.26061962267144845,-0.11601907166328815,0.14253034413628637,3.2657247235628293,3.15617145317265,12.018156769786993,4.119181485830963,2.635007798512433,2.412267961294696,3.6773351078328678,0.49473296988858495,16.718314664888943
81.5,0.2597782582842154,-0.11578875757367255,0.1426725457808746,3.306215387550427,3.0974607690999694,12.053789355821063,4.177696877407709,2.6070323718429065,2.434733897693145,3.5878891663570327,0.49553972199152646,16.730136239448562
81.75,0.25895377942809106,-0.115556889922606,0.14281585715205547,3.348616849741631,3.0403831706470728,12.089457492266282,4.237033000190039,2.5813442358905196,2.460200699293223,3.4994221054036263,0.49629556820063425,16.742643614769104
82.0,0.2581475368947796,-0.11532386663724588,0.14296011335323894,3.3928702517940605,2.9850000520564013,12.125161456554297,4.297106225709232,2.5579669110969667,2.4886342778788886,3.412033193015836,0.49701108842614633,16.755757148573906
82.25,0.2573609953926194,-0.115089964600587,0.14310482967994062,3.4389150459041016,2.931370666462523,12.160901484892607,4.357832496126632,2.536920771448564,2.5199975956815712,3.3258205614764824,0.4976785899206411,16.76944286875051
82.5,0.25659628690842784,-0.1148546911198658,0.1432475535199022,3.486689117208866,2.8795521178549532,12.196677692312592,4.4191274629821535,2.518223000108299,2.5542507714355787,3.240881235601608,0.4982599917185515,16.783481435842727
82.75,0.2558536149454796,-0.114620469852897,0.1433929639153832,3.53612908548013,2.8295994608155035,12.232489580692567,4.4809066854273105,2.5018872598860225,2.591351485532949,3.1573116617449846,0.49886843123143215,16.798465866011036
83.0,0.25513517435115496,-0.1143861296085862,0.14353703587556496,3.587169644934864,2.781565159895007,12.268337821671413,4.5430856346670225,2.487924868765898,2.6312536552027055,3.0752054510241162,0.4993729999622883,16.81372346436834
83.25,0.2544425175431598,-0.1141520833945402,0.14367944510023334,3.6397444990113574,2.7354997856024643,12.304222080640304,4.605579900814153,2.4763435072211877,2.6739090972085626,2.994656063983741,0.4998194682719204,16.8294200785202
83.5,0.2537772042877746,-0.11391878077583666,0.14381992816505626,3.693786089527611,2.6914516607923544,12.340141941915363,4.668305336234303,2.467147764708888,2.7192668428209195,2.9157555568758213,0.5002061541801707,16.845549438596304
83.75,0.25314075971280153,-0.11368662679682143,0.14395808308725028,3.7492256754247992,2.649466845770772,12.376096923956627,4.731178184896506,2.460339192736589,2.767273165953093,2.8385944988049547,0.5005301945623716,16.862047404367324
84.0,0.2525346711095336,-0.1134561053270518,0.144093674895929,3.8059934052603253,2.609589149208701,12.41208644472844,4.794115192853587,2.455916338069263,2.8178716176670635,2.763261960348139,0.500791927720609,16.8789062856081
84.25,0.251960343441971,-0.11322772560770661,0.14422651403031342,3.8640183782601976,2.5718601086015234,12.448109863452421,4.857033721740637,2.453874823025634,2.8710030347797577,2.6898453941774125,0.5009916063297871,16.896089726607908
84.5,0.2514190606691139,-0.11300204032404819,0.14435651025032145,3.9232286986215836,2.536318988123862,12.48416649196,4.919851841991933,2.4542074170841754,2.926605555251235,2.6184305591635484,0.5011310275748335,16.91356349163949
84.75,0.2509119612156921,-0.11277961288835606,0.144483604193648,3.9835515184929773,2.503002772449892,12.52025561952258,4.982488410538427,2.4569041205110724,2.9846146264475273,2.5491014243887116,0.5012120275604229,16.93127859212757
85.0,0.2504399780835195,-0.11256112217513083,0.14460804083546505,4.044913075141351,2.471946167661854,12.556376520570991,5.04486313460171,2.4619522402443716,3.0449630156809926,2.4819400950793367,0.5012408267180245,16.949229192360914
85.25,0.2500038657514774,-0.11234723569678116,0.14473008006003746,4.107238710964055,2.4431815727180166,12.592528530779857,5.106896612175363,2.4693365062068255,3.107580809752748,2.4170266392292077,0.5012206096994115,16.96738662950733
85.5,0.24960398073361276,-0.11213870690355117,0.14485025053774778,4.170452904516339,2.4167390808773015,12.628711050794866,5.168510368742365,2.479039145907079,3.172395440290313,2.3544390158475244,0.5011620955225596,16.985690980242452
85.75,0.24924390790900983,-0.11193602730905405,0.14496851509208966,4.234479245717378,2.3926464485717145,12.664923613429304,5.229626828316217,2.4910399892524273,3.2393316631185396,2.2942529078910017,0.5009916179362718,17.005447833206674
86.0,0.24891925734712042,-0.11173888978677479,0.1450826746611652,4.2992413093398305,2.3709292294742,12.701165742202326,5.29017019355614,2.5053165295654694,3.3083124251235216,2.236541929382931,0.5008501551050245,17.02278936368861
86.25,0.24862567747304698,-0.1115533301119076,0.14520669982470816,4.364660701753974,2.351610802863106,12.737436410867618,5.350064594966991,2.5218434884455987,3.3792568085409562,2.1813781172806137,0.5009093943137062,17.041309524794595
86.5,0.24836615093177689,-0.11137537791208264,0.14533057493443238,4.430657385130295,2.334710585610069,12.773738085823794,5.409233686879276,2.540595071803876,3.452081083381314,2.1288260994162624,0.5007850171907399,17.060031756063356
86.75,0.248137770924857,-0.11120674959616905,0.14545781226153703,4.497151308108924,2.3202469435974247,12.810070729557403,5.467603108652288,2.5615419970530295,3.52669950756556,2.07895189014182,0.5007261375071697,17.07854558864153
87.0,0.24794185099387028,-0.11104652973532042,0.14558575566037033,4.5640611544002425,2.3082353501777972,12.846435182622788,5.525098746903309,2.5846530518466855,3.603023561897176,2.0318176485089094,0.500586898516652,17.09758590252309
87.25,0.2477743869722802,-0.11089688556735058,0.14571926604717125,4.631305320922154,2.298689256929448,12.88283162153788,5.581648041151483,2.609894517339871,3.6809626006928244,1.9874839965190265,0.5005524180947821,17.11638415044362
87.5,0.24763268359287113,-0.11075820322695923,0.14585929796140537,4.698800890689675,2.291618918110874,12.919261438049674,5.637178422711327,2.637230849902811,3.7604233586680236,1.9460069863189373,0.5005647558625721,17.135125524840536
87.75,0.24751394988341843,-0.11063071123268801,0.14600663650624665,4.7664639664538875,2.287031868299896,12.955726262540026,5.691617809385002,2.66662423770396,3.8413101235227733,1.9074394988958314,0.5006277256289203,17.153842228125296
88.0,0.24741521404135078,-0.1105144978509477,0.14616192276110182,4.834209730383732,2.2849328630633163,12.992227921666586,5.74489464296618,2.698034533351272,3.9235248178012836,1.8718311927753608,0.500747016803389,17.172515966455556
88.25,0.24733353548882714,-0.11040932413297017,0.1463251756689606,4.90195248693975,2.285323801153479,13.028768402356862,5.796937916167645,2.731419173769875,4.006967057711856,1.8392284285370817,0.5009188501818523,17.191088906959553
88.5,0.24726637020013054,-0.11031448394320481,0.1464953932350553,4.969605736692586,2.2882037034846068,13.065349696274103,5.8476772953601515,2.7667330524895672,4.091534178025019,1.8096743544796479,0.5011267802021623,17.209493726779566
88.75,0.2472107164100638,-0.11023033902922844,0.1466743093118079,5.037082308011301,2.2935687545603742,13.101973544582867,5.897043382368221,2.803928383244788,4.17712123365438,1.7832091258759624,0.5014095228002146,17.22806362169745
89.0,0.24716386211732833,-0.11015622401555142,0.14686131385185638,5.104294485054615,2.3014118967242605,13.138642121910818,5.944967511000296,2.842954936054775,4.263621459108932,1.7598688573937478,0.5017417961923559,17.246563058544115
89.25,0.2471256057230204,-0.11008875112825092,0.14704904683024553,5.171154067110902,2.311723022457706,13.175357450373783,5.991382072851233,2.883759750823324,4.350926061370572,1.739686294092087,0.5020030035339058,17.26440184672324
89.5,0.2470938368945725,-0.11002882550376092,0.14724044980075784,5.237572605054608,2.324489784007906,13.212119712081345,6.036221791452448,2.926286657600706,4.438923418656767,1.7226929104151076,0.5023285038259311,17.282362719665603
89.75,0.2470673005671836,-0.1099758343145469,0.14743490689948177,5.303461678802864,2.3396962506474845,13.248929824531533,6.079422639430103,2.9704771853486323,4.5275007181756255,1.708915315946337,0.5026701929825549,17.30029194679335
90.0,0.2470453626117661,-0.10992837172693845,0.14762979925517872,5.368732988665654,2.3573233478338245,13.285788551256404,6.120922393918033,3.0162703097557024,4.616543583413277,1.698376385911945,0.5029948298939626,17.317907921202295
90.25,0.24702792034161603,-0.10988581188849958,0.14782430061340254,5.433298456403601,2.3773490564838906,13.322696001070199,6.160661087698568,3.0636023643780406,4.705935825108634,1.6910957485897409,0.5033067334389338,17.3355495392028
90.5,0.2470149539577498,-0.10984716823532972,0.14801658795692563,5.49707055141413,2.3997482800337515,13.359652076223549,6.198581084579098,3.1124073653323263,4.795560018249163,1.6870891947351754,0.5035928725270049,17.35292023559208
90.75,0.2470069795471032,-0.10981161520469714,0.14820509757643255,5.559962345036093,2.4244929064305443,13.39665622321278,6.2346273178516585,3.162616997932625,4.885297372220527,1.6863688149284637,0.5038423323173817,17.370092570893167
91.0,0.24700477241224605,-0.10977859646367766,0.14838878313581016,5.621887733998779,2.451551844427036,13.433707497606887,6.268747489414094,3.21416082472037,4.975027978583462,1.6889428641337036,0.5040524271324976,17.387112435430062
91.25,0.2470089937393371,-0.10974752766098009,0.14856639136013422,5.682761631542829,2.4808910198166756,13.47080469339084,6.300892167025678,3.2669664876336575,5.06463109605998,1.6948155519996937,0.5042211773490138,17.40376304985476
91.5,0.24702077469482683,-0.10971836559048502,0.14873789532154083,5.742500041722089,2.5124733728835884,13.507946291230873,6.331014884508155,3.320959785769106,5.153985198936022,1.703986959998071,0.5043491799574622,17.420376460236717
91.75,0.2470414167656664,-0.10969051390864187,0.14890179367325487,5.801020341774171,2.546258886224837,13.545130765061257,6.359072151723508,3.3760649945491066,5.2429685318248325,1.7164527779005685,0.5044170126586571,17.436673055780574
92.0,0.2470722864267048,-0.10966384638890028,0.14905759146431927,5.858241283830458,2.5822047579298975,13.58235621347957,6.385023711963334,3.432204918759548,5.331458855697583,1.7322045971002469,0.5044302429768792,17.452743004086205
92.25,0.2471170911492792,-0.10963691470486246,0.14920137041609957,5.91408319033945,2.6202653819099258,13.61962061134565,6.408832492534904,3.4893011279969963,5.419333888143994,1.751229635822856,0.5043049604824398,17.468697373960055
92.5,0.2471723360983586,-0.10961353284769572,0.14934195201093217,5.968468041933425,2.6603930815680976,13.656920953949676,6.430465392903013,3.5472743857441884,5.5064706909638375,1.7735117773920068,0.5043063861728357,17.484095478769866
92.75,0.24724209702614022,-0.10959090540106937,0.14947236302229464,6.021319831302855,2.7025359220653753,13.69425644195241,6.449890767578081,3.606044058487055,5.592748895027627,1.7990277856436965,0.5041386633821008,17.499370104522722
93.0,0.24732214658986604,-0.1095688856802687,0.14959160773711128,6.072564094232062,2.746640364413898,13.731624532707984,6.467081325519915,3.6655289072834707,5.6780468629442105,1.8277518215443245,0.5040145052341252,17.5117522314169
93.25,0.2474250973512873,-0.10954942224865061,0.14970423411388448,6.122127704785909,2.7926490327852633,13.769022434642261,6.482012587930117,3.7256457481515497,5.762242821641702,1.8596523174189763,0.5036549194603075,17.529265384501276
93.5,0.24754710954399078,-0.10953178860305549,0.14980746406097661,6.169941155629778,2.8405044383111293,13.806448493170732,6.4946637825497975,3.786313729641132,5.845218528709757,1.8946951469811273,0.5033116447107412,17.54400833068951
93.75,0.24769073821830256,-0.10951388577483158,0.14989527768310643,6.215936238393365,2.8901456648416692,13.843900359185977,6.505017114462681,3.8474503431395437,5.926855362324049,1.9328409865437948,0.5028227497819138,17.55757374252645
94.0,0.24785564348156866,-0.109499321396481,0.14997551726508132,6.2600464410906715,2.941509947948142,13.881374178606753,6.513058897599289,3.908972968870118,6.007033984582052,1.9740469270261671,0.5023740473107269,17.57130124582347
94.25,0.24804275500983147,-0.10948816433882753,0.150047691815648,6.302208218461657,2.9945315672738144,13.918868057923024,6.518777411071187,3.9707988384718487,6.085639025852127,2.01826429607578,0.5018688696286744,17.584675876821404
94.5,0.24825304461706882,-0.1094806777619862,0.15011175987849953,6.342360251114825,3.0491426323294974,13.956379980876937,6.522164014928781,4.032845131319073,6.162556487300868,2.0654401333399224,0.5013093204601313,17.597775627038555
94.75,0.24848730861331766,-0.1094770881573743,0.15016757541842757,6.380443563141315,3.1052731579407657,13.993907920846562,6.52321306505541,4.095029122471014,6.237674061227223,2.1155171934105175,0.5006968998525686,17.61051378359398
95.0,0.2487461664209375,-0.10947747112028841,0.15021461047405826,6.416401565707781,3.1628511095564824,14.031449814701169,6.5219218844498865,4.157268256599194,6.310881246965675,2.1684339625137716,0.5000302851060883,17.62273090286548
95.25,0.24903019465653958,-0.109482406611174,0.15025359121974197,6.4501800780236564,3.221802448432089,14.069003467319684,6.518290779924966,4.219480218198716,6.382069376122349,2.224124678665462,0.4993215605566544,17.634651020506247
95.5,0.2493401757387395,-0.10949210330289125,0.15028437406475462,6.481727524175955,3.2820511898444273,14.10656686512462,6.5123228249573835,4.281583044049231,6.451132223394527,2.2825193356396234,0.49855861464956897,17.646255518629697
95.75,0.24967651051932846,-0.10950687081560656,0.15030706525464138,6.510994894853141,3.343519565931965,14.144137958640808,6.504023933825796,4.34349526848796,6.517965855880486,2.34354386337597,0.49775054871389046,17.657445055871708
96.0,0.25003948683646304,-0.10952702918166679,0.15032183530233,6.537935826066708,3.406128018968709,14.18171472495447,6.493402775021295,4.4051359305312685,6.582468877112124,2.4071201074061497,0.4969000532639604,17.66821580750896
96.25,0.25042932547075347,-0.10955290274347379,0.15032891295998685,6.562506662929652,3.469795268552226,14.219295183780051,6.4804707156643575,4.466424639660807,6.644542610194946,2.473165897443645,0.49600907726518967,17.67858806251514
96.5,0.25086500428940584,-0.1095796330271333,0.15031559110272305,6.584666521336238,3.534438392878048,14.256877412020048,6.465241766085455,4.5272816472909945,6.704091276587022,2.5415951384651017,0.4945848413042073,17.69338807581631
96.75,0.2513054887043503,-0.1096231784004454,0.1503194024151217,6.604375498269684,3.599977429910985,14.294456309795729,6.4477338829072455,4.5876329388495245,6.761017113632125,2.6123219209724455,0.49425667719220945,17.697880454571557
97.0,0.25177245713248514,-0.1096709073993359,0.1503112330728484,6.621601757858298,3.6663211304337735,14.33203616039951,6.427963526707047,4.647394132527203,6.815239989009547,2.6852481283403433,0.493237439023885,17.7070213403687
97.25,0.25226605080772035,-0.10972383040573001,0.15029295821165833,6.636312356136507,3.733382040654015,14.369613968667721,6.405952929079365,4.706487653815251,6.86667178319365,2.760276427492779,0.492189577780246,17.715712841960762
97.5,0.2527862693715846,-0.10978290135244853,0.15026646392632156,6.648477609220341,3.8010713978434625,14.407187208220636,6.38172663977738,4.764836888147634,6.915228578663303,2.837305907539291,0.49111904119871486,17.724115417145335
97.75,0.2533324945403059,-0.10984831486248528,0.1502318832442055,6.658071106553395,3.869299242395236,14.444753824202216,6.3553114483590525,4.822366180952043,6.960830764747738,2.916232303838429,0.4900230904477081,17.731804573881043
98.0,0.2539043433836803,-0.10992073067513466,0.15019060808803503,6.665069590977162,3.937974358212606,14.482311795013267,6.326736598866871,4.879000811852299,7.003402583087453,2.9969479045729126,0.48891083786609996,17.739181833637538
98.25,0.25450107028690794,-0.1100004958837965,0.15014337835374603,6.669453115767639,4.007004486593187,14.519859447035275,6.296033558892351,4.934667051615115,7.042872672642929,3.0793419215712596,0.48778534392769757,17.74611313069369
98.5,0.25512190488487146,-0.11008781640517046,0.1500906934279798,6.671205032086244,4.076296349616229,14.557395291623711,6.2632360853712585,4.989292153832364,7.0791739788012285,3.163300545400095,0.4866466185079226,17.752623220176716
98.75,0.2557659000574958,-0.11018262445086992,0.15003246045187613,6.670312006999603,4.145755759423351,14.594917964980706,6.228380221773045,5.042804418753751,7.1122437922261605,3.2487071000929513,0.4854935563284079,17.75857050754462
99.0,0.25643221813141237,-0.1102850095344949,0.1499690504310426,6.666764030682771,4.215287674841734,14.632426080093675,6.191504361205918,5.095133255934662,7.142023700159625,3.3354420937488065,0.48432956591811466,17.764097688257632
99.25,0.25711988065397906,-0.11039491520694344,0.14990054728330177,6.660554502449612,4.284796367629832,14.669918342701434,6.152649149026753,5.1462092488687885,7.16845985587247,3.423383486390875,0.4831558144363862,17.769127690761305
99.5,0.257827961401084,-0.11051221769949496,0.14982693436895486,6.6516802619813475,4.35418550404039,14.70739347952226,6.111857504222778,5.195964210236937,7.191503019739917,3.512406797843843,0.48197137302989107,17.773672561838296
99.75,0.25855546950047953,-0.11063677827182006,0.14974821176758488,6.6401416196021446,4.423358278513904,14.744850213114498,6.069174596703226,5.244331273661701,7.211108642501064,3.602385283366107,0.48077848041205473,17.777709211852216
100.0,0.2593014006116794,-0.11076841604833816,0.14966432901230056,6.625942409741244,4.492217531044065,14.782287266056395,6.024647823978129,5.291244953059082,7.227236995504359,3.6931901090290484,0.47957780858726107,17.781221901310246
